
INSERT INTO `Student` (`id`, `first_name`, `last_name`, `age`, `phone`, `gender`) VALUES (1, 'Henriette', 'Price', 15, 1, 'F');
INSERT INTO `Student` (`id`, `first_name`, `last_name`, `age`, `phone`, `gender`) VALUES (2, 'Tiffany', 'Rau', 18, 407713986, 'M');
INSERT INTO `Student` (`id`, `first_name`, `last_name`, `age`, `phone`, `gender`) VALUES (3, 'Willis', 'Sporer', 16, 581, 'M');
INSERT INTO `Student` (`id`, `first_name`, `last_name`, `age`, `phone`, `gender`) VALUES (4, 'Maye', 'Mosciski', 15, 0, 'F');
INSERT INTO `Student` (`id`, `first_name`, `last_name`, `age`, `phone`, `gender`) VALUES (5, 'Kadin', 'Olson', 17, 683, 'M');
INSERT INTO `Student` (`id`, `first_name`, `last_name`, `age`, `phone`, `gender`) VALUES (6, 'Jaqueline', 'Green', 17, 64, 'M');
INSERT INTO `Student` (`id`, `first_name`, `last_name`, `age`, `phone`, `gender`) VALUES (7, 'Jillian', 'Lindgren', 15, 0, 'F');
INSERT INTO `Student` (`id`, `first_name`, `last_name`, `age`, `phone`, `gender`) VALUES (8, 'Anabel', 'Lakin', 17, 82, 'M');
INSERT INTO `Student` (`id`, `first_name`, `last_name`, `age`, `phone`, `gender`) VALUES (9, 'Claudia', 'Cruickshank', 18, 217847, 'M');
INSERT INTO `Student` (`id`, `first_name`, `last_name`, `age`, `phone`, `gender`) VALUES (10, 'Erich', 'Barrows', 17, 1, 'F');
INSERT INTO `Student` (`id`, `first_name`, `last_name`, `age`, `phone`, `gender`) VALUES (11, 'Stanford', 'Raynor', 16, 921, 'M');
INSERT INTO `Student` (`id`, `first_name`, `last_name`, `age`, `phone`, `gender`) VALUES (12, 'Terrell', 'Ortiz', 15, 590, 'M');
INSERT INTO `Student` (`id`, `first_name`, `last_name`, `age`, `phone`, `gender`) VALUES (13, 'Alba', 'Connelly', 18, 0, 'F');
INSERT INTO `Student` (`id`, `first_name`, `last_name`, `age`, `phone`, `gender`) VALUES (14, 'Salvatore', 'Skiles', 17, 2147483647, 'M');
INSERT INTO `Student` (`id`, `first_name`, `last_name`, `age`, `phone`, `gender`) VALUES (15, 'Declan', 'Swift', 16, 485718, 'M');
INSERT INTO `Student` (`id`, `first_name`, `last_name`, `age`, `phone`, `gender`) VALUES (16, 'Bradley', 'Hudson', 18, 0, 'M');
INSERT INTO `Student` (`id`, `first_name`, `last_name`, `age`, `phone`, `gender`) VALUES (17, 'Kenyatta', 'Cummerata', 16, 64, 'F');
INSERT INTO `Student` (`id`, `first_name`, `last_name`, `age`, `phone`, `gender`) VALUES (18, 'Abbigail', 'Hoeger', 16, 0, 'M');
INSERT INTO `Student` (`id`, `first_name`, `last_name`, `age`, `phone`, `gender`) VALUES (19, 'Reanna', 'Gutmann', 16, 2147483647, 'F');
INSERT INTO `Student` (`id`, `first_name`, `last_name`, `age`, `phone`, `gender`) VALUES (20, 'Marietta', 'Cummerata', 18, 2124673442, 'M');
INSERT INTO `Student` (`id`, `first_name`, `last_name`, `age`, `phone`, `gender`) VALUES (21, 'Elaina', 'Homenick', 18, 861, 'F');
INSERT INTO `Student` (`id`, `first_name`, `last_name`, `age`, `phone`, `gender`) VALUES (22, 'Jules', 'Hermiston', 15, 46, 'M');
INSERT INTO `Student` (`id`, `first_name`, `last_name`, `age`, `phone`, `gender`) VALUES (23, 'Phoebe', 'Heller', 15, 1, 'M');
INSERT INTO `Student` (`id`, `first_name`, `last_name`, `age`, `phone`, `gender`) VALUES (24, 'Lysanne', 'Tromp', 17, 480, 'M');
INSERT INTO `Student` (`id`, `first_name`, `last_name`, `age`, `phone`, `gender`) VALUES (25, 'Walker', 'Beer', 17, 0, 'F');
INSERT INTO `Student` (`id`, `first_name`, `last_name`, `age`, `phone`, `gender`) VALUES (26, 'Mylene', 'Lowe', 18, 784, 'M');
INSERT INTO `Student` (`id`, `first_name`, `last_name`, `age`, `phone`, `gender`) VALUES (27, 'Stacy', 'Boyer', 18, 627974, 'M');
INSERT INTO `Student` (`id`, `first_name`, `last_name`, `age`, `phone`, `gender`) VALUES (28, 'Jefferey', 'Medhurst', 15, 950371, 'M');
INSERT INTO `Student` (`id`, `first_name`, `last_name`, `age`, `phone`, `gender`) VALUES (29, 'Frankie', 'Lakin', 18, 87, 'F');
INSERT INTO `Student` (`id`, `first_name`, `last_name`, `age`, `phone`, `gender`) VALUES (30, 'Claire', 'Flatley', 18, 1, 'F');
INSERT INTO `Student` (`id`, `first_name`, `last_name`, `age`, `phone`, `gender`) VALUES (31, 'Kailey', 'Stroman', 17, 0, 'F');
INSERT INTO `Student` (`id`, `first_name`, `last_name`, `age`, `phone`, `gender`) VALUES (32, 'Ayla', 'Littel', 18, 1, 'M');
INSERT INTO `Student` (`id`, `first_name`, `last_name`, `age`, `phone`, `gender`) VALUES (33, 'Mylene', 'Schulist', 18, 1, 'M');
INSERT INTO `Student` (`id`, `first_name`, `last_name`, `age`, `phone`, `gender`) VALUES (34, 'Pauline', 'Lehner', 16, 845, 'F');
INSERT INTO `Student` (`id`, `first_name`, `last_name`, `age`, `phone`, `gender`) VALUES (35, 'Molly', 'Walker', 16, 273, 'F');
INSERT INTO `Student` (`id`, `first_name`, `last_name`, `age`, `phone`, `gender`) VALUES (36, 'Sallie', 'Koss', 15, 1, 'M');
INSERT INTO `Student` (`id`, `first_name`, `last_name`, `age`, `phone`, `gender`) VALUES (37, 'Rosie', 'Wiegand', 15, 0, 'F');
INSERT INTO `Student` (`id`, `first_name`, `last_name`, `age`, `phone`, `gender`) VALUES (38, 'Clare', 'Howe', 18, 931, 'F');
INSERT INTO `Student` (`id`, `first_name`, `last_name`, `age`, `phone`, `gender`) VALUES (39, 'Burnice', 'Herman', 18, 2147483647, 'M');
INSERT INTO `Student` (`id`, `first_name`, `last_name`, `age`, `phone`, `gender`) VALUES (40, 'Ellie', 'Runolfsdottir', 15, 0, 'M');
INSERT INTO `Student` (`id`, `first_name`, `last_name`, `age`, `phone`, `gender`) VALUES (41, 'Vern', 'Schmidt', 15, 305, 'M');
INSERT INTO `Student` (`id`, `first_name`, `last_name`, `age`, `phone`, `gender`) VALUES (42, 'Jaleel', 'Durgan', 17, 1, 'F');
INSERT INTO `Student` (`id`, `first_name`, `last_name`, `age`, `phone`, `gender`) VALUES (43, 'Sarah', 'Dietrich', 16, 0, 'M');
INSERT INTO `Student` (`id`, `first_name`, `last_name`, `age`, `phone`, `gender`) VALUES (44, 'Lois', 'Runolfsson', 18, 0, 'M');
INSERT INTO `Student` (`id`, `first_name`, `last_name`, `age`, `phone`, `gender`) VALUES (45, 'Annabell', 'Abernathy', 18, 72, 'M');
INSERT INTO `Student` (`id`, `first_name`, `last_name`, `age`, `phone`, `gender`) VALUES (46, 'Alva', 'Mohr', 17, 108593, 'M');
INSERT INTO `Student` (`id`, `first_name`, `last_name`, `age`, `phone`, `gender`) VALUES (47, 'Terrence', 'Runte', 15, 689988, 'F');
INSERT INTO `Student` (`id`, `first_name`, `last_name`, `age`, `phone`, `gender`) VALUES (48, 'Keshawn', 'Volkman', 18, 6, 'M');
INSERT INTO `Student` (`id`, `first_name`, `last_name`, `age`, `phone`, `gender`) VALUES (49, 'Ova', 'Hoeger', 17, 371, 'F');
INSERT INTO `Student` (`id`, `first_name`, `last_name`, `age`, `phone`, `gender`) VALUES (50, 'Rhiannon', 'Mitchell', 17, 0, 'F');
INSERT INTO `Student` (`id`, `first_name`, `last_name`, `age`, `phone`, `gender`) VALUES (51, 'Earl', 'Gottlieb', 16, 587849, 'F');
INSERT INTO `Student` (`id`, `first_name`, `last_name`, `age`, `phone`, `gender`) VALUES (52, 'Jeramie', 'Wolf', 15, 1, 'M');
INSERT INTO `Student` (`id`, `first_name`, `last_name`, `age`, `phone`, `gender`) VALUES (53, 'Brandon', 'Bruen', 15, 1, 'M');
INSERT INTO `Student` (`id`, `first_name`, `last_name`, `age`, `phone`, `gender`) VALUES (54, 'Geovany', 'Pouros', 16, 1, 'F');
INSERT INTO `Student` (`id`, `first_name`, `last_name`, `age`, `phone`, `gender`) VALUES (55, 'Allan', 'Pollich', 15, 0, 'F');
INSERT INTO `Student` (`id`, `first_name`, `last_name`, `age`, `phone`, `gender`) VALUES (56, 'Chad', 'Labadie', 18, 1, 'M');
INSERT INTO `Student` (`id`, `first_name`, `last_name`, `age`, `phone`, `gender`) VALUES (57, 'Curt', 'Grimes', 16, 1, 'M');
INSERT INTO `Student` (`id`, `first_name`, `last_name`, `age`, `phone`, `gender`) VALUES (58, 'Elwin', 'Feest', 18, 449, 'F');
INSERT INTO `Student` (`id`, `first_name`, `last_name`, `age`, `phone`, `gender`) VALUES (59, 'Aubree', 'Zboncak', 18, 169, 'M');
INSERT INTO `Student` (`id`, `first_name`, `last_name`, `age`, `phone`, `gender`) VALUES (60, 'Vince', 'Hamill', 15, 0, 'M');
INSERT INTO `Student` (`id`, `first_name`, `last_name`, `age`, `phone`, `gender`) VALUES (61, 'Watson', 'Heaney', 18, 0, 'M');
INSERT INTO `Student` (`id`, `first_name`, `last_name`, `age`, `phone`, `gender`) VALUES (62, 'Della', 'Feeney', 18, 186426, 'F');
INSERT INTO `Student` (`id`, `first_name`, `last_name`, `age`, `phone`, `gender`) VALUES (63, 'Kayden', 'West', 15, 54, 'M');
INSERT INTO `Student` (`id`, `first_name`, `last_name`, `age`, `phone`, `gender`) VALUES (64, 'Franco', 'Simonis', 16, 319409, 'F');
INSERT INTO `Student` (`id`, `first_name`, `last_name`, `age`, `phone`, `gender`) VALUES (65, 'Lulu', 'Moen', 15, 28, 'M');
INSERT INTO `Student` (`id`, `first_name`, `last_name`, `age`, `phone`, `gender`) VALUES (66, 'Warren', 'Marquardt', 15, 2147483647, 'M');
INSERT INTO `Student` (`id`, `first_name`, `last_name`, `age`, `phone`, `gender`) VALUES (67, 'Brent', 'Renner', 18, 1, 'M');
INSERT INTO `Student` (`id`, `first_name`, `last_name`, `age`, `phone`, `gender`) VALUES (68, 'Bradford', 'Hayes', 17, 65281, 'F');
INSERT INTO `Student` (`id`, `first_name`, `last_name`, `age`, `phone`, `gender`) VALUES (69, 'Elizabeth', 'King', 15, 171767, 'M');
INSERT INTO `Student` (`id`, `first_name`, `last_name`, `age`, `phone`, `gender`) VALUES (70, 'Jaunita', 'D\'Amore', 18, 1, 'F');
INSERT INTO `Student` (`id`, `first_name`, `last_name`, `age`, `phone`, `gender`) VALUES (71, 'Leonardo', 'Kutch', 18, 2147483647, 'F');
INSERT INTO `Student` (`id`, `first_name`, `last_name`, `age`, `phone`, `gender`) VALUES (72, 'Verda', 'Gutmann', 16, 0, 'F');
INSERT INTO `Student` (`id`, `first_name`, `last_name`, `age`, `phone`, `gender`) VALUES (73, 'Juliana', 'Luettgen', 15, 1, 'F');
INSERT INTO `Student` (`id`, `first_name`, `last_name`, `age`, `phone`, `gender`) VALUES (74, 'Deangelo', 'Kessler', 18, 0, 'F');
INSERT INTO `Student` (`id`, `first_name`, `last_name`, `age`, `phone`, `gender`) VALUES (75, 'Evans', 'Effertz', 17, 0, 'M');
INSERT INTO `Student` (`id`, `first_name`, `last_name`, `age`, `phone`, `gender`) VALUES (76, 'Albin', 'Pacocha', 17, 0, 'M');
INSERT INTO `Student` (`id`, `first_name`, `last_name`, `age`, `phone`, `gender`) VALUES (77, 'Dustin', 'Kshlerin', 17, 0, 'F');
INSERT INTO `Student` (`id`, `first_name`, `last_name`, `age`, `phone`, `gender`) VALUES (78, 'Mazie', 'Lind', 16, 383746, 'M');
INSERT INTO `Student` (`id`, `first_name`, `last_name`, `age`, `phone`, `gender`) VALUES (79, 'Alena', 'Larson', 18, 2147483647, 'F');
INSERT INTO `Student` (`id`, `first_name`, `last_name`, `age`, `phone`, `gender`) VALUES (80, 'Vern', 'Feil', 17, 11, 'M');
INSERT INTO `Student` (`id`, `first_name`, `last_name`, `age`, `phone`, `gender`) VALUES (81, 'Cydney', 'Collins', 18, 2147483647, 'F');
INSERT INTO `Student` (`id`, `first_name`, `last_name`, `age`, `phone`, `gender`) VALUES (82, 'Marjolaine', 'Sawayn', 17, 1, 'M');
INSERT INTO `Student` (`id`, `first_name`, `last_name`, `age`, `phone`, `gender`) VALUES (83, 'Raphaelle', 'Roob', 15, 0, 'M');
INSERT INTO `Student` (`id`, `first_name`, `last_name`, `age`, `phone`, `gender`) VALUES (84, 'Adolf', 'Stracke', 15, 1, 'F');
INSERT INTO `Student` (`id`, `first_name`, `last_name`, `age`, `phone`, `gender`) VALUES (85, 'Dusty', 'Friesen', 15, 16, 'M');
INSERT INTO `Student` (`id`, `first_name`, `last_name`, `age`, `phone`, `gender`) VALUES (86, 'Sabryna', 'Ryan', 15, 226, 'M');
INSERT INTO `Student` (`id`, `first_name`, `last_name`, `age`, `phone`, `gender`) VALUES (87, 'Orie', 'Johns', 18, 0, 'M');
INSERT INTO `Student` (`id`, `first_name`, `last_name`, `age`, `phone`, `gender`) VALUES (88, 'Jessika', 'Kohler', 15, 1, 'F');
INSERT INTO `Student` (`id`, `first_name`, `last_name`, `age`, `phone`, `gender`) VALUES (89, 'Cathryn', 'Mitchell', 17, 0, 'M');
INSERT INTO `Student` (`id`, `first_name`, `last_name`, `age`, `phone`, `gender`) VALUES (90, 'Jewell', 'Walker', 17, 411, 'F');
INSERT INTO `Student` (`id`, `first_name`, `last_name`, `age`, `phone`, `gender`) VALUES (91, 'Teresa', 'Erdman', 18, 0, 'F');
INSERT INTO `Student` (`id`, `first_name`, `last_name`, `age`, `phone`, `gender`) VALUES (92, 'Kaylin', 'Smitham', 18, 611, 'F');
INSERT INTO `Student` (`id`, `first_name`, `last_name`, `age`, `phone`, `gender`) VALUES (93, 'Kevon', 'Schmidt', 16, 1, 'F');
INSERT INTO `Student` (`id`, `first_name`, `last_name`, `age`, `phone`, `gender`) VALUES (94, 'Maud', 'Douglas', 16, 925, 'M');
INSERT INTO `Student` (`id`, `first_name`, `last_name`, `age`, `phone`, `gender`) VALUES (95, 'Eino', 'Stamm', 15, 1, 'F');
INSERT INTO `Student` (`id`, `first_name`, `last_name`, `age`, `phone`, `gender`) VALUES (96, 'Napoleon', 'Toy', 15, 54, 'M');
INSERT INTO `Student` (`id`, `first_name`, `last_name`, `age`, `phone`, `gender`) VALUES (97, 'Leanne', 'Sporer', 17, 77480, 'F');
INSERT INTO `Student` (`id`, `first_name`, `last_name`, `age`, `phone`, `gender`) VALUES (98, 'Gage', 'Franecki', 17, 0, 'F');
INSERT INTO `Student` (`id`, `first_name`, `last_name`, `age`, `phone`, `gender`) VALUES (99, 'Savanna', 'Shanahan', 16, 92, 'F');
INSERT INTO `Student` (`id`, `first_name`, `last_name`, `age`, `phone`, `gender`) VALUES (100, 'Mariela', 'Gleason', 17, 374, 'F');
INSERT INTO `Student` (`id`, `first_name`, `last_name`, `age`, `phone`, `gender`) VALUES (101, 'Jesse', 'McCullough', 17, 1, 'M');
INSERT INTO `Student` (`id`, `first_name`, `last_name`, `age`, `phone`, `gender`) VALUES (102, 'Kaden', 'Braun', 18, 36430, 'M');
INSERT INTO `Student` (`id`, `first_name`, `last_name`, `age`, `phone`, `gender`) VALUES (103, 'Sydni', 'Nitzsche', 18, 89, 'F');
INSERT INTO `Student` (`id`, `first_name`, `last_name`, `age`, `phone`, `gender`) VALUES (104, 'Andreane', 'Pfannerstill', 17, 0, 'F');
INSERT INTO `Student` (`id`, `first_name`, `last_name`, `age`, `phone`, `gender`) VALUES (105, 'Kathlyn', 'Schaden', 15, 0, 'M');
INSERT INTO `Student` (`id`, `first_name`, `last_name`, `age`, `phone`, `gender`) VALUES (106, 'Cordell', 'Gaylord', 18, 1, 'F');
INSERT INTO `Student` (`id`, `first_name`, `last_name`, `age`, `phone`, `gender`) VALUES (107, 'Kody', 'O\'Reilly', 18, 1, 'M');
INSERT INTO `Student` (`id`, `first_name`, `last_name`, `age`, `phone`, `gender`) VALUES (108, 'Delia', 'Nolan', 16, 543, 'F');
INSERT INTO `Student` (`id`, `first_name`, `last_name`, `age`, `phone`, `gender`) VALUES (109, 'Sigurd', 'Gottlieb', 15, 0, 'F');
INSERT INTO `Student` (`id`, `first_name`, `last_name`, `age`, `phone`, `gender`) VALUES (110, 'Jordi', 'Stokes', 15, 563412, 'M');
INSERT INTO `Student` (`id`, `first_name`, `last_name`, `age`, `phone`, `gender`) VALUES (111, 'Henri', 'Aufderhar', 17, 2147483647, 'F');
INSERT INTO `Student` (`id`, `first_name`, `last_name`, `age`, `phone`, `gender`) VALUES (112, 'Rhett', 'Carroll', 18, 925, 'F');
INSERT INTO `Student` (`id`, `first_name`, `last_name`, `age`, `phone`, `gender`) VALUES (113, 'Maribel', 'Wisoky', 18, 737, 'F');
INSERT INTO `Student` (`id`, `first_name`, `last_name`, `age`, `phone`, `gender`) VALUES (114, 'Rasheed', 'Reinger', 18, 14, 'F');
INSERT INTO `Student` (`id`, `first_name`, `last_name`, `age`, `phone`, `gender`) VALUES (115, 'Leatha', 'Oberbrunner', 15, 1, 'M');
INSERT INTO `Student` (`id`, `first_name`, `last_name`, `age`, `phone`, `gender`) VALUES (116, 'Junior', 'Lind', 18, 715, 'M');
INSERT INTO `Student` (`id`, `first_name`, `last_name`, `age`, `phone`, `gender`) VALUES (117, 'Maud', 'Gleichner', 18, 0, 'F');
INSERT INTO `Student` (`id`, `first_name`, `last_name`, `age`, `phone`, `gender`) VALUES (118, 'Gloria', 'Mann', 17, 571243, 'M');
INSERT INTO `Student` (`id`, `first_name`, `last_name`, `age`, `phone`, `gender`) VALUES (119, 'Buford', 'Shanahan', 17, 769, 'M');
INSERT INTO `Student` (`id`, `first_name`, `last_name`, `age`, `phone`, `gender`) VALUES (120, 'Lamont', 'Jacobi', 18, 96714, 'F');
INSERT INTO `Student` (`id`, `first_name`, `last_name`, `age`, `phone`, `gender`) VALUES (121, 'Sam', 'Daugherty', 15, 0, 'M');
INSERT INTO `Student` (`id`, `first_name`, `last_name`, `age`, `phone`, `gender`) VALUES (122, 'Kenton', 'Herman', 17, 916465, 'F');
INSERT INTO `Student` (`id`, `first_name`, `last_name`, `age`, `phone`, `gender`) VALUES (123, 'Guadalupe', 'Lockman', 18, 97, 'F');
INSERT INTO `Student` (`id`, `first_name`, `last_name`, `age`, `phone`, `gender`) VALUES (124, 'Gene', 'Braun', 16, 19360, 'M');
INSERT INTO `Student` (`id`, `first_name`, `last_name`, `age`, `phone`, `gender`) VALUES (125, 'Gunnar', 'Medhurst', 17, 0, 'M');
INSERT INTO `Student` (`id`, `first_name`, `last_name`, `age`, `phone`, `gender`) VALUES (126, 'Stevie', 'Metz', 18, 1, 'F');
INSERT INTO `Student` (`id`, `first_name`, `last_name`, `age`, `phone`, `gender`) VALUES (127, 'Hassie', 'Wyman', 18, 85, 'M');
INSERT INTO `Student` (`id`, `first_name`, `last_name`, `age`, `phone`, `gender`) VALUES (128, 'Eleanore', 'Hane', 16, 47427, 'F');
INSERT INTO `Student` (`id`, `first_name`, `last_name`, `age`, `phone`, `gender`) VALUES (129, 'Lowell', 'Wuckert', 18, 227990, 'F');
INSERT INTO `Student` (`id`, `first_name`, `last_name`, `age`, `phone`, `gender`) VALUES (130, 'Cortez', 'Hudson', 16, 683512, 'M');
INSERT INTO `Student` (`id`, `first_name`, `last_name`, `age`, `phone`, `gender`) VALUES (131, 'Selmer', 'Tremblay', 15, 144, 'F');
INSERT INTO `Student` (`id`, `first_name`, `last_name`, `age`, `phone`, `gender`) VALUES (132, 'Alysa', 'Goodwin', 18, 2147483647, 'F');
INSERT INTO `Student` (`id`, `first_name`, `last_name`, `age`, `phone`, `gender`) VALUES (133, 'Madelyn', 'Luettgen', 16, 1, 'M');
INSERT INTO `Student` (`id`, `first_name`, `last_name`, `age`, `phone`, `gender`) VALUES (134, 'Ada', 'Kiehn', 17, 2147483647, 'M');
INSERT INTO `Student` (`id`, `first_name`, `last_name`, `age`, `phone`, `gender`) VALUES (135, 'Emelie', 'Borer', 18, 338, 'F');
INSERT INTO `Student` (`id`, `first_name`, `last_name`, `age`, `phone`, `gender`) VALUES (136, 'Penelope', 'Little', 15, 878426, 'M');
INSERT INTO `Student` (`id`, `first_name`, `last_name`, `age`, `phone`, `gender`) VALUES (137, 'Tyreek', 'Stiedemann', 17, 837, 'F');
INSERT INTO `Student` (`id`, `first_name`, `last_name`, `age`, `phone`, `gender`) VALUES (138, 'Harrison', 'Heller', 17, 38, 'F');
INSERT INTO `Student` (`id`, `first_name`, `last_name`, `age`, `phone`, `gender`) VALUES (139, 'Faustino', 'Daugherty', 18, 212, 'M');
INSERT INTO `Student` (`id`, `first_name`, `last_name`, `age`, `phone`, `gender`) VALUES (140, 'Izabella', 'Nader', 16, 1, 'F');
INSERT INTO `Student` (`id`, `first_name`, `last_name`, `age`, `phone`, `gender`) VALUES (141, 'Rahul', 'Kerluke', 15, 1, 'F');
INSERT INTO `Student` (`id`, `first_name`, `last_name`, `age`, `phone`, `gender`) VALUES (142, 'Jannie', 'Prosacco', 17, 6964, 'M');
INSERT INTO `Student` (`id`, `first_name`, `last_name`, `age`, `phone`, `gender`) VALUES (143, 'Tito', 'Heidenreich', 15, 0, 'M');
INSERT INTO `Student` (`id`, `first_name`, `last_name`, `age`, `phone`, `gender`) VALUES (144, 'Katherine', 'Mitchell', 15, 161974, 'M');
INSERT INTO `Student` (`id`, `first_name`, `last_name`, `age`, `phone`, `gender`) VALUES (145, 'Luna', 'Sawayn', 17, 1, 'M');
INSERT INTO `Student` (`id`, `first_name`, `last_name`, `age`, `phone`, `gender`) VALUES (146, 'Flossie', 'Schoen', 16, 1, 'F');
INSERT INTO `Student` (`id`, `first_name`, `last_name`, `age`, `phone`, `gender`) VALUES (147, 'Clyde', 'Lind', 16, 36, 'F');
INSERT INTO `Student` (`id`, `first_name`, `last_name`, `age`, `phone`, `gender`) VALUES (148, 'Vincenza', 'O\'Kon', 18, 1, 'F');
INSERT INTO `Student` (`id`, `first_name`, `last_name`, `age`, `phone`, `gender`) VALUES (149, 'Avis', 'Blanda', 18, 1, 'M');
INSERT INTO `Student` (`id`, `first_name`, `last_name`, `age`, `phone`, `gender`) VALUES (150, 'Judson', 'Bashirian', 18, 536, 'M');
INSERT INTO `Student` (`id`, `first_name`, `last_name`, `age`, `phone`, `gender`) VALUES (151, 'Fanny', 'Raynor', 16, 32, 'M');
INSERT INTO `Student` (`id`, `first_name`, `last_name`, `age`, `phone`, `gender`) VALUES (152, 'Trystan', 'Quigley', 18, 0, 'F');
INSERT INTO `Student` (`id`, `first_name`, `last_name`, `age`, `phone`, `gender`) VALUES (153, 'Marta', 'Keebler', 18, 248, 'M');
INSERT INTO `Student` (`id`, `first_name`, `last_name`, `age`, `phone`, `gender`) VALUES (154, 'Mazie', 'Lemke', 16, 500, 'M');
INSERT INTO `Student` (`id`, `first_name`, `last_name`, `age`, `phone`, `gender`) VALUES (155, 'Silas', 'Zemlak', 17, 475, 'M');
INSERT INTO `Student` (`id`, `first_name`, `last_name`, `age`, `phone`, `gender`) VALUES (156, 'Mckenzie', 'Koss', 15, 0, 'M');
INSERT INTO `Student` (`id`, `first_name`, `last_name`, `age`, `phone`, `gender`) VALUES (157, 'Lula', 'Legros', 15, 71, 'F');
INSERT INTO `Student` (`id`, `first_name`, `last_name`, `age`, `phone`, `gender`) VALUES (158, 'Crystal', 'Mitchell', 17, 38858, 'M');
INSERT INTO `Student` (`id`, `first_name`, `last_name`, `age`, `phone`, `gender`) VALUES (159, 'Brenna', 'Hand', 16, 1, 'F');
INSERT INTO `Student` (`id`, `first_name`, `last_name`, `age`, `phone`, `gender`) VALUES (160, 'Katherine', 'Wilderman', 15, 0, 'F');
INSERT INTO `Student` (`id`, `first_name`, `last_name`, `age`, `phone`, `gender`) VALUES (161, 'Emmet', 'Weimann', 17, 0, 'M');
INSERT INTO `Student` (`id`, `first_name`, `last_name`, `age`, `phone`, `gender`) VALUES (162, 'Ezekiel', 'Padberg', 16, 1, 'F');
INSERT INTO `Student` (`id`, `first_name`, `last_name`, `age`, `phone`, `gender`) VALUES (163, 'Lydia', 'Kohler', 16, 604465, 'M');
INSERT INTO `Student` (`id`, `first_name`, `last_name`, `age`, `phone`, `gender`) VALUES (164, 'Chyna', 'Schmidt', 17, 0, 'F');
INSERT INTO `Student` (`id`, `first_name`, `last_name`, `age`, `phone`, `gender`) VALUES (165, 'Alfredo', 'Bernier', 15, 77, 'F');
INSERT INTO `Student` (`id`, `first_name`, `last_name`, `age`, `phone`, `gender`) VALUES (166, 'Reggie', 'Hackett', 15, 605374, 'M');
INSERT INTO `Student` (`id`, `first_name`, `last_name`, `age`, `phone`, `gender`) VALUES (167, 'Kacey', 'Towne', 18, 0, 'M');
INSERT INTO `Student` (`id`, `first_name`, `last_name`, `age`, `phone`, `gender`) VALUES (168, 'Jermain', 'Okuneva', 16, 326, 'M');
INSERT INTO `Student` (`id`, `first_name`, `last_name`, `age`, `phone`, `gender`) VALUES (169, 'Verda', 'Ledner', 18, 0, 'M');
INSERT INTO `Student` (`id`, `first_name`, `last_name`, `age`, `phone`, `gender`) VALUES (170, 'Aidan', 'Dickens', 17, 243, 'M');
INSERT INTO `Student` (`id`, `first_name`, `last_name`, `age`, `phone`, `gender`) VALUES (171, 'Mayra', 'Mitchell', 15, 493, 'F');
INSERT INTO `Student` (`id`, `first_name`, `last_name`, `age`, `phone`, `gender`) VALUES (172, 'Zakary', 'Dickens', 16, 0, 'F');
INSERT INTO `Student` (`id`, `first_name`, `last_name`, `age`, `phone`, `gender`) VALUES (173, 'Paolo', 'Frami', 17, 0, 'F');
INSERT INTO `Student` (`id`, `first_name`, `last_name`, `age`, `phone`, `gender`) VALUES (174, 'Wilfredo', 'Ankunding', 16, 2147483647, 'M');
INSERT INTO `Student` (`id`, `first_name`, `last_name`, `age`, `phone`, `gender`) VALUES (175, 'Idell', 'Little', 18, 1, 'F');
INSERT INTO `Student` (`id`, `first_name`, `last_name`, `age`, `phone`, `gender`) VALUES (176, 'Marcelino', 'Douglas', 18, 293463, 'M');
INSERT INTO `Student` (`id`, `first_name`, `last_name`, `age`, `phone`, `gender`) VALUES (177, 'Otto', 'Corwin', 15, 2147483647, 'M');
INSERT INTO `Student` (`id`, `first_name`, `last_name`, `age`, `phone`, `gender`) VALUES (178, 'Laurie', 'Skiles', 16, 1, 'M');
INSERT INTO `Student` (`id`, `first_name`, `last_name`, `age`, `phone`, `gender`) VALUES (179, 'Eliza', 'Bartoletti', 15, 516, 'M');
INSERT INTO `Student` (`id`, `first_name`, `last_name`, `age`, `phone`, `gender`) VALUES (180, 'Kristin', 'Kuhn', 15, 2147483647, 'F');
INSERT INTO `Student` (`id`, `first_name`, `last_name`, `age`, `phone`, `gender`) VALUES (181, 'Emery', 'Nolan', 15, 941, 'M');
INSERT INTO `Student` (`id`, `first_name`, `last_name`, `age`, `phone`, `gender`) VALUES (182, 'Candelario', 'Dickens', 15, 341308, 'M');
INSERT INTO `Student` (`id`, `first_name`, `last_name`, `age`, `phone`, `gender`) VALUES (183, 'Jailyn', 'McLaughlin', 18, 0, 'M');
INSERT INTO `Student` (`id`, `first_name`, `last_name`, `age`, `phone`, `gender`) VALUES (184, 'Nathanael', 'Daniel', 15, 2147483647, 'F');
INSERT INTO `Student` (`id`, `first_name`, `last_name`, `age`, `phone`, `gender`) VALUES (185, 'Annabell', 'Ziemann', 17, 1, 'M');
INSERT INTO `Student` (`id`, `first_name`, `last_name`, `age`, `phone`, `gender`) VALUES (186, 'Michelle', 'Grady', 15, 656, 'M');
INSERT INTO `Student` (`id`, `first_name`, `last_name`, `age`, `phone`, `gender`) VALUES (187, 'Ariane', 'Boehm', 15, 130, 'M');
INSERT INTO `Student` (`id`, `first_name`, `last_name`, `age`, `phone`, `gender`) VALUES (188, 'Anahi', 'Predovic', 15, 595568, 'M');
INSERT INTO `Student` (`id`, `first_name`, `last_name`, `age`, `phone`, `gender`) VALUES (189, 'Eusebio', 'Walter', 17, 92, 'M');
INSERT INTO `Student` (`id`, `first_name`, `last_name`, `age`, `phone`, `gender`) VALUES (190, 'Jacquelyn', 'Ledner', 15, 0, 'M');
INSERT INTO `Student` (`id`, `first_name`, `last_name`, `age`, `phone`, `gender`) VALUES (191, 'Madison', 'Heller', 18, 0, 'F');
INSERT INTO `Student` (`id`, `first_name`, `last_name`, `age`, `phone`, `gender`) VALUES (192, 'Orin', 'Ankunding', 17, 143, 'F');
INSERT INTO `Student` (`id`, `first_name`, `last_name`, `age`, `phone`, `gender`) VALUES (193, 'Cyril', 'Erdman', 18, 0, 'F');
INSERT INTO `Student` (`id`, `first_name`, `last_name`, `age`, `phone`, `gender`) VALUES (194, 'Miles', 'Feil', 15, 613, 'F');
INSERT INTO `Student` (`id`, `first_name`, `last_name`, `age`, `phone`, `gender`) VALUES (195, 'Sasha', 'Doyle', 17, 0, 'M');
INSERT INTO `Student` (`id`, `first_name`, `last_name`, `age`, `phone`, `gender`) VALUES (196, 'Gabriel', 'McGlynn', 17, 1, 'F');
INSERT INTO `Student` (`id`, `first_name`, `last_name`, `age`, `phone`, `gender`) VALUES (197, 'Marley', 'Grimes', 16, 2147483647, 'F');
INSERT INTO `Student` (`id`, `first_name`, `last_name`, `age`, `phone`, `gender`) VALUES (198, 'Pasquale', 'Stamm', 17, 22, 'M');
INSERT INTO `Student` (`id`, `first_name`, `last_name`, `age`, `phone`, `gender`) VALUES (199, 'Marshall', 'Schoen', 17, 360, 'F');
INSERT INTO `Student` (`id`, `first_name`, `last_name`, `age`, `phone`, `gender`) VALUES (200, 'Carrie', 'Wolf', 15, 827125, 'M');



INSERT INTO `Student_Building` (`id`, `Student_id`, `Building_id`, `inscription_date`) VALUES (1, 1, 1, '2020-12-05 06:34:30');
INSERT INTO `Student_Building` (`id`, `Student_id`, `Building_id`, `inscription_date`) VALUES (2, 2, 2, '2022-03-08 13:42:54');
INSERT INTO `Student_Building` (`id`, `Student_id`, `Building_id`, `inscription_date`) VALUES (3, 3, 3, '2022-08-09 23:32:16');
INSERT INTO `Student_Building` (`id`, `Student_id`, `Building_id`, `inscription_date`) VALUES (4, 4, 4, '2022-08-14 10:20:40');
INSERT INTO `Student_Building` (`id`, `Student_id`, `Building_id`, `inscription_date`) VALUES (5, 5, 5, '2022-07-15 05:50:43');
INSERT INTO `Student_Building` (`id`, `Student_id`, `Building_id`, `inscription_date`) VALUES (6, 6, 6, '2021-12-09 02:04:01');
INSERT INTO `Student_Building` (`id`, `Student_id`, `Building_id`, `inscription_date`) VALUES (7, 7, 7, '2020-05-28 13:45:17');
INSERT INTO `Student_Building` (`id`, `Student_id`, `Building_id`, `inscription_date`) VALUES (8, 8, 8, '2021-08-19 06:19:42');
INSERT INTO `Student_Building` (`id`, `Student_id`, `Building_id`, `inscription_date`) VALUES (9, 9, 9, '2021-03-03 03:29:01');
INSERT INTO `Student_Building` (`id`, `Student_id`, `Building_id`, `inscription_date`) VALUES (10, 10, 10, '2021-09-20 20:51:01');
INSERT INTO `Student_Building` (`id`, `Student_id`, `Building_id`, `inscription_date`) VALUES (11, 11, 11, '2022-05-09 09:39:12');
INSERT INTO `Student_Building` (`id`, `Student_id`, `Building_id`, `inscription_date`) VALUES (12, 12, 12, '2021-06-20 02:09:54');
INSERT INTO `Student_Building` (`id`, `Student_id`, `Building_id`, `inscription_date`) VALUES (13, 13, 13, '2022-04-23 13:01:30');
INSERT INTO `Student_Building` (`id`, `Student_id`, `Building_id`, `inscription_date`) VALUES (14, 14, 14, '2020-10-18 19:47:45');
INSERT INTO `Student_Building` (`id`, `Student_id`, `Building_id`, `inscription_date`) VALUES (15, 15, 15, '2022-06-20 13:01:26');
INSERT INTO `Student_Building` (`id`, `Student_id`, `Building_id`, `inscription_date`) VALUES (16, 16, 16, '2022-02-23 13:41:21');
INSERT INTO `Student_Building` (`id`, `Student_id`, `Building_id`, `inscription_date`) VALUES (17, 17, 17, '2021-09-29 07:12:03');
INSERT INTO `Student_Building` (`id`, `Student_id`, `Building_id`, `inscription_date`) VALUES (18, 18, 18, '2022-08-08 05:04:43');
INSERT INTO `Student_Building` (`id`, `Student_id`, `Building_id`, `inscription_date`) VALUES (19, 19, 19, '2020-05-18 09:44:28');
INSERT INTO `Student_Building` (`id`, `Student_id`, `Building_id`, `inscription_date`) VALUES (20, 20, 20, '2022-01-15 21:25:33');
INSERT INTO `Student_Building` (`id`, `Student_id`, `Building_id`, `inscription_date`) VALUES (21, 21, 21, '2020-07-12 07:07:43');
INSERT INTO `Student_Building` (`id`, `Student_id`, `Building_id`, `inscription_date`) VALUES (22, 22, 22, '2020-06-27 07:15:19');
INSERT INTO `Student_Building` (`id`, `Student_id`, `Building_id`, `inscription_date`) VALUES (23, 23, 23, '2020-08-03 09:02:14');
INSERT INTO `Student_Building` (`id`, `Student_id`, `Building_id`, `inscription_date`) VALUES (24, 24, 24, '2022-04-11 19:42:03');
INSERT INTO `Student_Building` (`id`, `Student_id`, `Building_id`, `inscription_date`) VALUES (25, 25, 25, '2021-01-21 02:31:22');
INSERT INTO `Student_Building` (`id`, `Student_id`, `Building_id`, `inscription_date`) VALUES (26, 26, 1, '2022-03-06 20:21:13');
INSERT INTO `Student_Building` (`id`, `Student_id`, `Building_id`, `inscription_date`) VALUES (27, 27, 2, '2021-01-26 22:30:53');
INSERT INTO `Student_Building` (`id`, `Student_id`, `Building_id`, `inscription_date`) VALUES (28, 28, 3, '2022-02-02 13:49:44');
INSERT INTO `Student_Building` (`id`, `Student_id`, `Building_id`, `inscription_date`) VALUES (29, 29, 4, '2021-03-10 13:59:47');
INSERT INTO `Student_Building` (`id`, `Student_id`, `Building_id`, `inscription_date`) VALUES (30, 30, 5, '2020-08-09 19:49:24');
INSERT INTO `Student_Building` (`id`, `Student_id`, `Building_id`, `inscription_date`) VALUES (31, 31, 6, '2022-10-01 10:11:35');
INSERT INTO `Student_Building` (`id`, `Student_id`, `Building_id`, `inscription_date`) VALUES (32, 32, 7, '2022-04-18 16:03:02');
INSERT INTO `Student_Building` (`id`, `Student_id`, `Building_id`, `inscription_date`) VALUES (33, 33, 8, '2021-09-04 01:55:51');
INSERT INTO `Student_Building` (`id`, `Student_id`, `Building_id`, `inscription_date`) VALUES (34, 34, 9, '2022-04-20 13:50:07');
INSERT INTO `Student_Building` (`id`, `Student_id`, `Building_id`, `inscription_date`) VALUES (35, 35, 10, '2022-06-09 13:28:22');
INSERT INTO `Student_Building` (`id`, `Student_id`, `Building_id`, `inscription_date`) VALUES (36, 36, 11, '2021-09-17 21:41:46');
INSERT INTO `Student_Building` (`id`, `Student_id`, `Building_id`, `inscription_date`) VALUES (37, 37, 12, '2022-10-07 20:08:10');
INSERT INTO `Student_Building` (`id`, `Student_id`, `Building_id`, `inscription_date`) VALUES (38, 38, 13, '2022-09-17 06:39:15');
INSERT INTO `Student_Building` (`id`, `Student_id`, `Building_id`, `inscription_date`) VALUES (39, 39, 14, '2021-07-14 14:18:55');
INSERT INTO `Student_Building` (`id`, `Student_id`, `Building_id`, `inscription_date`) VALUES (40, 40, 15, '2020-10-19 00:18:18');
INSERT INTO `Student_Building` (`id`, `Student_id`, `Building_id`, `inscription_date`) VALUES (41, 41, 16, '2022-03-09 21:26:31');
INSERT INTO `Student_Building` (`id`, `Student_id`, `Building_id`, `inscription_date`) VALUES (42, 42, 17, '2020-05-16 00:41:47');
INSERT INTO `Student_Building` (`id`, `Student_id`, `Building_id`, `inscription_date`) VALUES (43, 43, 18, '2021-11-12 10:25:41');
INSERT INTO `Student_Building` (`id`, `Student_id`, `Building_id`, `inscription_date`) VALUES (44, 44, 19, '2020-06-11 17:49:18');
INSERT INTO `Student_Building` (`id`, `Student_id`, `Building_id`, `inscription_date`) VALUES (45, 45, 20, '2021-02-11 02:01:43');
INSERT INTO `Student_Building` (`id`, `Student_id`, `Building_id`, `inscription_date`) VALUES (46, 46, 21, '2021-01-13 14:30:26');
INSERT INTO `Student_Building` (`id`, `Student_id`, `Building_id`, `inscription_date`) VALUES (47, 47, 22, '2020-05-19 15:37:40');
INSERT INTO `Student_Building` (`id`, `Student_id`, `Building_id`, `inscription_date`) VALUES (48, 48, 23, '2021-03-06 09:13:47');
INSERT INTO `Student_Building` (`id`, `Student_id`, `Building_id`, `inscription_date`) VALUES (49, 49, 24, '2022-04-05 21:34:56');
INSERT INTO `Student_Building` (`id`, `Student_id`, `Building_id`, `inscription_date`) VALUES (50, 50, 25, '2021-03-08 08:43:05');
INSERT INTO `Student_Building` (`id`, `Student_id`, `Building_id`, `inscription_date`) VALUES (51, 51, 1, '2020-11-15 22:23:46');
INSERT INTO `Student_Building` (`id`, `Student_id`, `Building_id`, `inscription_date`) VALUES (52, 52, 2, '2022-11-12 06:33:59');
INSERT INTO `Student_Building` (`id`, `Student_id`, `Building_id`, `inscription_date`) VALUES (53, 53, 3, '2021-04-29 21:41:00');
INSERT INTO `Student_Building` (`id`, `Student_id`, `Building_id`, `inscription_date`) VALUES (54, 54, 4, '2021-12-30 19:34:55');
INSERT INTO `Student_Building` (`id`, `Student_id`, `Building_id`, `inscription_date`) VALUES (55, 55, 5, '2020-05-13 00:05:23');
INSERT INTO `Student_Building` (`id`, `Student_id`, `Building_id`, `inscription_date`) VALUES (56, 56, 6, '2020-06-10 16:23:33');
INSERT INTO `Student_Building` (`id`, `Student_id`, `Building_id`, `inscription_date`) VALUES (57, 57, 7, '2021-11-10 01:45:30');
INSERT INTO `Student_Building` (`id`, `Student_id`, `Building_id`, `inscription_date`) VALUES (58, 58, 8, '2022-11-16 14:43:40');
INSERT INTO `Student_Building` (`id`, `Student_id`, `Building_id`, `inscription_date`) VALUES (59, 59, 9, '2022-07-27 19:28:26');
INSERT INTO `Student_Building` (`id`, `Student_id`, `Building_id`, `inscription_date`) VALUES (60, 60, 10, '2021-08-31 21:23:44');
INSERT INTO `Student_Building` (`id`, `Student_id`, `Building_id`, `inscription_date`) VALUES (61, 61, 11, '2022-03-09 17:39:34');
INSERT INTO `Student_Building` (`id`, `Student_id`, `Building_id`, `inscription_date`) VALUES (62, 62, 12, '2020-12-09 15:54:45');
INSERT INTO `Student_Building` (`id`, `Student_id`, `Building_id`, `inscription_date`) VALUES (63, 63, 13, '2022-07-25 02:02:28');
INSERT INTO `Student_Building` (`id`, `Student_id`, `Building_id`, `inscription_date`) VALUES (64, 64, 14, '2021-10-29 00:51:06');
INSERT INTO `Student_Building` (`id`, `Student_id`, `Building_id`, `inscription_date`) VALUES (65, 65, 15, '2021-03-13 02:44:49');
INSERT INTO `Student_Building` (`id`, `Student_id`, `Building_id`, `inscription_date`) VALUES (66, 66, 16, '2021-01-13 21:42:19');
INSERT INTO `Student_Building` (`id`, `Student_id`, `Building_id`, `inscription_date`) VALUES (67, 67, 17, '2022-11-17 02:21:11');
INSERT INTO `Student_Building` (`id`, `Student_id`, `Building_id`, `inscription_date`) VALUES (68, 68, 18, '2022-01-08 16:59:41');
INSERT INTO `Student_Building` (`id`, `Student_id`, `Building_id`, `inscription_date`) VALUES (69, 69, 19, '2021-12-23 15:01:17');
INSERT INTO `Student_Building` (`id`, `Student_id`, `Building_id`, `inscription_date`) VALUES (70, 70, 20, '2020-04-17 06:55:59');
INSERT INTO `Student_Building` (`id`, `Student_id`, `Building_id`, `inscription_date`) VALUES (71, 71, 21, '2020-08-12 15:48:12');
INSERT INTO `Student_Building` (`id`, `Student_id`, `Building_id`, `inscription_date`) VALUES (72, 72, 22, '2020-04-27 05:29:37');
INSERT INTO `Student_Building` (`id`, `Student_id`, `Building_id`, `inscription_date`) VALUES (73, 73, 23, '2021-07-30 18:20:24');
INSERT INTO `Student_Building` (`id`, `Student_id`, `Building_id`, `inscription_date`) VALUES (74, 74, 24, '2021-03-24 14:46:09');
INSERT INTO `Student_Building` (`id`, `Student_id`, `Building_id`, `inscription_date`) VALUES (75, 75, 25, '2021-01-27 23:01:22');
INSERT INTO `Student_Building` (`id`, `Student_id`, `Building_id`, `inscription_date`) VALUES (76, 76, 1, '2020-09-04 16:16:30');
INSERT INTO `Student_Building` (`id`, `Student_id`, `Building_id`, `inscription_date`) VALUES (77, 77, 2, '2020-10-19 23:20:10');
INSERT INTO `Student_Building` (`id`, `Student_id`, `Building_id`, `inscription_date`) VALUES (78, 78, 3, '2022-01-30 16:16:19');
INSERT INTO `Student_Building` (`id`, `Student_id`, `Building_id`, `inscription_date`) VALUES (79, 79, 4, '2020-12-18 12:36:57');
INSERT INTO `Student_Building` (`id`, `Student_id`, `Building_id`, `inscription_date`) VALUES (80, 80, 5, '2020-07-21 08:13:04');
INSERT INTO `Student_Building` (`id`, `Student_id`, `Building_id`, `inscription_date`) VALUES (81, 81, 6, '2020-07-06 14:54:18');
INSERT INTO `Student_Building` (`id`, `Student_id`, `Building_id`, `inscription_date`) VALUES (82, 82, 7, '2020-06-11 00:09:33');
INSERT INTO `Student_Building` (`id`, `Student_id`, `Building_id`, `inscription_date`) VALUES (83, 83, 8, '2020-12-02 00:38:37');
INSERT INTO `Student_Building` (`id`, `Student_id`, `Building_id`, `inscription_date`) VALUES (84, 84, 9, '2021-05-26 09:06:36');
INSERT INTO `Student_Building` (`id`, `Student_id`, `Building_id`, `inscription_date`) VALUES (85, 85, 10, '2022-12-09 02:20:51');
INSERT INTO `Student_Building` (`id`, `Student_id`, `Building_id`, `inscription_date`) VALUES (86, 86, 11, '2022-01-28 19:44:35');
INSERT INTO `Student_Building` (`id`, `Student_id`, `Building_id`, `inscription_date`) VALUES (87, 87, 12, '2020-12-08 08:56:24');
INSERT INTO `Student_Building` (`id`, `Student_id`, `Building_id`, `inscription_date`) VALUES (88, 88, 13, '2021-06-29 16:54:19');
INSERT INTO `Student_Building` (`id`, `Student_id`, `Building_id`, `inscription_date`) VALUES (89, 89, 14, '2021-12-13 04:20:42');
INSERT INTO `Student_Building` (`id`, `Student_id`, `Building_id`, `inscription_date`) VALUES (90, 90, 15, '2022-02-14 16:54:37');
INSERT INTO `Student_Building` (`id`, `Student_id`, `Building_id`, `inscription_date`) VALUES (91, 91, 16, '2021-04-13 01:49:16');
INSERT INTO `Student_Building` (`id`, `Student_id`, `Building_id`, `inscription_date`) VALUES (92, 92, 17, '2020-12-05 09:33:06');
INSERT INTO `Student_Building` (`id`, `Student_id`, `Building_id`, `inscription_date`) VALUES (93, 93, 18, '2021-02-18 10:03:39');
INSERT INTO `Student_Building` (`id`, `Student_id`, `Building_id`, `inscription_date`) VALUES (94, 94, 19, '2021-07-13 00:15:24');
INSERT INTO `Student_Building` (`id`, `Student_id`, `Building_id`, `inscription_date`) VALUES (95, 95, 20, '2022-09-29 14:00:56');
INSERT INTO `Student_Building` (`id`, `Student_id`, `Building_id`, `inscription_date`) VALUES (96, 96, 21, '2021-11-27 06:48:53');
INSERT INTO `Student_Building` (`id`, `Student_id`, `Building_id`, `inscription_date`) VALUES (97, 97, 22, '2020-05-29 09:26:44');
INSERT INTO `Student_Building` (`id`, `Student_id`, `Building_id`, `inscription_date`) VALUES (98, 98, 23, '2022-05-20 22:59:20');
INSERT INTO `Student_Building` (`id`, `Student_id`, `Building_id`, `inscription_date`) VALUES (99, 99, 24, '2022-03-03 19:08:32');
INSERT INTO `Student_Building` (`id`, `Student_id`, `Building_id`, `inscription_date`) VALUES (100, 100, 25, '2021-01-10 20:07:35');
INSERT INTO `Student_Building` (`id`, `Student_id`, `Building_id`, `inscription_date`) VALUES (101, 101, 1, '2020-09-25 23:42:18');
INSERT INTO `Student_Building` (`id`, `Student_id`, `Building_id`, `inscription_date`) VALUES (102, 102, 2, '2021-11-12 10:32:25');
INSERT INTO `Student_Building` (`id`, `Student_id`, `Building_id`, `inscription_date`) VALUES (103, 103, 3, '2022-12-10 05:42:32');
INSERT INTO `Student_Building` (`id`, `Student_id`, `Building_id`, `inscription_date`) VALUES (104, 104, 4, '2022-10-28 10:03:43');
INSERT INTO `Student_Building` (`id`, `Student_id`, `Building_id`, `inscription_date`) VALUES (105, 105, 5, '2020-12-17 18:26:16');
INSERT INTO `Student_Building` (`id`, `Student_id`, `Building_id`, `inscription_date`) VALUES (106, 106, 6, '2022-04-16 01:27:12');
INSERT INTO `Student_Building` (`id`, `Student_id`, `Building_id`, `inscription_date`) VALUES (107, 107, 7, '2022-07-22 19:07:58');
INSERT INTO `Student_Building` (`id`, `Student_id`, `Building_id`, `inscription_date`) VALUES (108, 108, 8, '2020-08-01 06:07:16');
INSERT INTO `Student_Building` (`id`, `Student_id`, `Building_id`, `inscription_date`) VALUES (109, 109, 9, '2022-02-23 12:58:30');
INSERT INTO `Student_Building` (`id`, `Student_id`, `Building_id`, `inscription_date`) VALUES (110, 110, 10, '2022-11-25 03:17:01');
INSERT INTO `Student_Building` (`id`, `Student_id`, `Building_id`, `inscription_date`) VALUES (111, 111, 11, '2022-05-22 04:07:42');
INSERT INTO `Student_Building` (`id`, `Student_id`, `Building_id`, `inscription_date`) VALUES (112, 112, 12, '2020-12-31 16:10:12');
INSERT INTO `Student_Building` (`id`, `Student_id`, `Building_id`, `inscription_date`) VALUES (113, 113, 13, '2022-07-25 16:09:13');
INSERT INTO `Student_Building` (`id`, `Student_id`, `Building_id`, `inscription_date`) VALUES (114, 114, 14, '2022-06-28 15:01:45');
INSERT INTO `Student_Building` (`id`, `Student_id`, `Building_id`, `inscription_date`) VALUES (115, 115, 15, '2021-09-03 10:35:35');
INSERT INTO `Student_Building` (`id`, `Student_id`, `Building_id`, `inscription_date`) VALUES (116, 116, 16, '2020-10-24 14:15:39');
INSERT INTO `Student_Building` (`id`, `Student_id`, `Building_id`, `inscription_date`) VALUES (117, 117, 17, '2021-08-31 18:28:25');
INSERT INTO `Student_Building` (`id`, `Student_id`, `Building_id`, `inscription_date`) VALUES (118, 118, 18, '2022-04-14 15:39:28');
INSERT INTO `Student_Building` (`id`, `Student_id`, `Building_id`, `inscription_date`) VALUES (119, 119, 19, '2022-09-29 06:01:25');
INSERT INTO `Student_Building` (`id`, `Student_id`, `Building_id`, `inscription_date`) VALUES (120, 120, 20, '2021-01-11 02:02:30');
INSERT INTO `Student_Building` (`id`, `Student_id`, `Building_id`, `inscription_date`) VALUES (121, 121, 21, '2022-08-08 01:26:12');
INSERT INTO `Student_Building` (`id`, `Student_id`, `Building_id`, `inscription_date`) VALUES (122, 122, 22, '2022-11-16 08:27:47');
INSERT INTO `Student_Building` (`id`, `Student_id`, `Building_id`, `inscription_date`) VALUES (123, 123, 23, '2021-01-24 04:42:00');
INSERT INTO `Student_Building` (`id`, `Student_id`, `Building_id`, `inscription_date`) VALUES (124, 124, 24, '2020-12-29 17:41:22');
INSERT INTO `Student_Building` (`id`, `Student_id`, `Building_id`, `inscription_date`) VALUES (125, 125, 25, '2021-03-12 03:30:24');
INSERT INTO `Student_Building` (`id`, `Student_id`, `Building_id`, `inscription_date`) VALUES (126, 126, 1, '2022-12-07 10:46:57');
INSERT INTO `Student_Building` (`id`, `Student_id`, `Building_id`, `inscription_date`) VALUES (127, 127, 2, '2022-11-07 11:12:24');
INSERT INTO `Student_Building` (`id`, `Student_id`, `Building_id`, `inscription_date`) VALUES (128, 128, 3, '2022-10-04 17:51:58');
INSERT INTO `Student_Building` (`id`, `Student_id`, `Building_id`, `inscription_date`) VALUES (129, 129, 4, '2021-01-28 22:55:22');
INSERT INTO `Student_Building` (`id`, `Student_id`, `Building_id`, `inscription_date`) VALUES (130, 130, 5, '2020-06-21 20:24:47');
INSERT INTO `Student_Building` (`id`, `Student_id`, `Building_id`, `inscription_date`) VALUES (131, 131, 6, '2020-09-08 11:27:32');
INSERT INTO `Student_Building` (`id`, `Student_id`, `Building_id`, `inscription_date`) VALUES (132, 132, 7, '2021-04-20 05:19:17');
INSERT INTO `Student_Building` (`id`, `Student_id`, `Building_id`, `inscription_date`) VALUES (133, 133, 8, '2022-01-26 20:41:52');
INSERT INTO `Student_Building` (`id`, `Student_id`, `Building_id`, `inscription_date`) VALUES (134, 134, 9, '2021-02-20 13:22:04');
INSERT INTO `Student_Building` (`id`, `Student_id`, `Building_id`, `inscription_date`) VALUES (135, 135, 10, '2021-01-25 02:44:08');
INSERT INTO `Student_Building` (`id`, `Student_id`, `Building_id`, `inscription_date`) VALUES (136, 136, 11, '2022-08-12 17:37:22');
INSERT INTO `Student_Building` (`id`, `Student_id`, `Building_id`, `inscription_date`) VALUES (137, 137, 12, '2021-03-18 07:23:57');
INSERT INTO `Student_Building` (`id`, `Student_id`, `Building_id`, `inscription_date`) VALUES (138, 138, 13, '2020-06-15 02:36:22');
INSERT INTO `Student_Building` (`id`, `Student_id`, `Building_id`, `inscription_date`) VALUES (139, 139, 14, '2021-04-09 22:49:24');
INSERT INTO `Student_Building` (`id`, `Student_id`, `Building_id`, `inscription_date`) VALUES (140, 140, 15, '2022-04-17 22:48:36');
INSERT INTO `Student_Building` (`id`, `Student_id`, `Building_id`, `inscription_date`) VALUES (141, 141, 16, '2021-03-03 06:56:55');
INSERT INTO `Student_Building` (`id`, `Student_id`, `Building_id`, `inscription_date`) VALUES (142, 142, 17, '2022-10-20 01:28:41');
INSERT INTO `Student_Building` (`id`, `Student_id`, `Building_id`, `inscription_date`) VALUES (143, 143, 18, '2021-07-07 10:36:09');
INSERT INTO `Student_Building` (`id`, `Student_id`, `Building_id`, `inscription_date`) VALUES (144, 144, 19, '2020-08-27 21:26:34');
INSERT INTO `Student_Building` (`id`, `Student_id`, `Building_id`, `inscription_date`) VALUES (145, 145, 20, '2022-01-19 20:34:22');
INSERT INTO `Student_Building` (`id`, `Student_id`, `Building_id`, `inscription_date`) VALUES (146, 146, 21, '2021-12-27 01:38:47');
INSERT INTO `Student_Building` (`id`, `Student_id`, `Building_id`, `inscription_date`) VALUES (147, 147, 22, '2022-05-16 03:46:49');
INSERT INTO `Student_Building` (`id`, `Student_id`, `Building_id`, `inscription_date`) VALUES (148, 148, 23, '2021-11-19 03:20:51');
INSERT INTO `Student_Building` (`id`, `Student_id`, `Building_id`, `inscription_date`) VALUES (149, 149, 24, '2021-09-30 06:26:04');
INSERT INTO `Student_Building` (`id`, `Student_id`, `Building_id`, `inscription_date`) VALUES (150, 150, 25, '2021-01-22 15:01:54');
INSERT INTO `Student_Building` (`id`, `Student_id`, `Building_id`, `inscription_date`) VALUES (151, 151, 1, '2020-10-23 19:08:43');
INSERT INTO `Student_Building` (`id`, `Student_id`, `Building_id`, `inscription_date`) VALUES (152, 152, 2, '2021-08-28 02:55:24');
INSERT INTO `Student_Building` (`id`, `Student_id`, `Building_id`, `inscription_date`) VALUES (153, 153, 3, '2021-07-30 13:35:33');
INSERT INTO `Student_Building` (`id`, `Student_id`, `Building_id`, `inscription_date`) VALUES (154, 154, 4, '2021-04-03 21:08:55');
INSERT INTO `Student_Building` (`id`, `Student_id`, `Building_id`, `inscription_date`) VALUES (155, 155, 5, '2022-01-28 13:35:09');
INSERT INTO `Student_Building` (`id`, `Student_id`, `Building_id`, `inscription_date`) VALUES (156, 156, 6, '2022-05-01 14:39:24');
INSERT INTO `Student_Building` (`id`, `Student_id`, `Building_id`, `inscription_date`) VALUES (157, 157, 7, '2021-04-28 10:04:10');
INSERT INTO `Student_Building` (`id`, `Student_id`, `Building_id`, `inscription_date`) VALUES (158, 158, 8, '2022-07-08 06:53:37');
INSERT INTO `Student_Building` (`id`, `Student_id`, `Building_id`, `inscription_date`) VALUES (159, 159, 9, '2021-01-15 23:00:33');
INSERT INTO `Student_Building` (`id`, `Student_id`, `Building_id`, `inscription_date`) VALUES (160, 160, 10, '2022-08-18 10:50:58');
INSERT INTO `Student_Building` (`id`, `Student_id`, `Building_id`, `inscription_date`) VALUES (161, 161, 11, '2022-05-16 21:04:16');
INSERT INTO `Student_Building` (`id`, `Student_id`, `Building_id`, `inscription_date`) VALUES (162, 162, 12, '2021-08-13 02:16:51');
INSERT INTO `Student_Building` (`id`, `Student_id`, `Building_id`, `inscription_date`) VALUES (163, 163, 13, '2020-07-27 13:03:03');
INSERT INTO `Student_Building` (`id`, `Student_id`, `Building_id`, `inscription_date`) VALUES (164, 164, 14, '2022-09-29 05:28:31');
INSERT INTO `Student_Building` (`id`, `Student_id`, `Building_id`, `inscription_date`) VALUES (165, 165, 15, '2022-04-29 18:25:55');
INSERT INTO `Student_Building` (`id`, `Student_id`, `Building_id`, `inscription_date`) VALUES (166, 166, 16, '2022-02-16 13:32:40');
INSERT INTO `Student_Building` (`id`, `Student_id`, `Building_id`, `inscription_date`) VALUES (167, 167, 17, '2020-09-07 15:15:23');
INSERT INTO `Student_Building` (`id`, `Student_id`, `Building_id`, `inscription_date`) VALUES (168, 168, 18, '2020-12-22 15:40:44');
INSERT INTO `Student_Building` (`id`, `Student_id`, `Building_id`, `inscription_date`) VALUES (169, 169, 19, '2022-11-10 17:26:57');
INSERT INTO `Student_Building` (`id`, `Student_id`, `Building_id`, `inscription_date`) VALUES (170, 170, 20, '2022-07-15 00:47:00');
INSERT INTO `Student_Building` (`id`, `Student_id`, `Building_id`, `inscription_date`) VALUES (171, 171, 21, '2020-04-26 07:35:48');
INSERT INTO `Student_Building` (`id`, `Student_id`, `Building_id`, `inscription_date`) VALUES (172, 172, 22, '2020-08-07 03:05:11');
INSERT INTO `Student_Building` (`id`, `Student_id`, `Building_id`, `inscription_date`) VALUES (173, 173, 23, '2021-04-07 18:17:44');
INSERT INTO `Student_Building` (`id`, `Student_id`, `Building_id`, `inscription_date`) VALUES (174, 174, 24, '2022-05-28 22:16:23');
INSERT INTO `Student_Building` (`id`, `Student_id`, `Building_id`, `inscription_date`) VALUES (175, 175, 25, '2022-06-02 00:15:39');
INSERT INTO `Student_Building` (`id`, `Student_id`, `Building_id`, `inscription_date`) VALUES (176, 176, 1, '2021-10-23 06:01:01');
INSERT INTO `Student_Building` (`id`, `Student_id`, `Building_id`, `inscription_date`) VALUES (177, 177, 2, '2022-09-14 10:46:05');
INSERT INTO `Student_Building` (`id`, `Student_id`, `Building_id`, `inscription_date`) VALUES (178, 178, 3, '2020-11-23 00:33:49');
INSERT INTO `Student_Building` (`id`, `Student_id`, `Building_id`, `inscription_date`) VALUES (179, 179, 4, '2022-09-30 12:11:19');
INSERT INTO `Student_Building` (`id`, `Student_id`, `Building_id`, `inscription_date`) VALUES (180, 180, 5, '2021-11-03 20:55:07');
INSERT INTO `Student_Building` (`id`, `Student_id`, `Building_id`, `inscription_date`) VALUES (181, 181, 6, '2021-06-15 01:17:42');
INSERT INTO `Student_Building` (`id`, `Student_id`, `Building_id`, `inscription_date`) VALUES (182, 182, 7, '2022-04-09 10:25:25');
INSERT INTO `Student_Building` (`id`, `Student_id`, `Building_id`, `inscription_date`) VALUES (183, 183, 8, '2022-11-08 13:57:11');
INSERT INTO `Student_Building` (`id`, `Student_id`, `Building_id`, `inscription_date`) VALUES (184, 184, 9, '2022-04-25 07:20:41');
INSERT INTO `Student_Building` (`id`, `Student_id`, `Building_id`, `inscription_date`) VALUES (185, 185, 10, '2022-08-11 01:51:07');
INSERT INTO `Student_Building` (`id`, `Student_id`, `Building_id`, `inscription_date`) VALUES (186, 186, 11, '2022-07-09 13:26:48');
INSERT INTO `Student_Building` (`id`, `Student_id`, `Building_id`, `inscription_date`) VALUES (187, 187, 12, '2022-02-14 11:12:52');
INSERT INTO `Student_Building` (`id`, `Student_id`, `Building_id`, `inscription_date`) VALUES (188, 188, 13, '2021-03-25 01:26:30');
INSERT INTO `Student_Building` (`id`, `Student_id`, `Building_id`, `inscription_date`) VALUES (189, 189, 14, '2020-05-11 07:15:46');
INSERT INTO `Student_Building` (`id`, `Student_id`, `Building_id`, `inscription_date`) VALUES (190, 190, 15, '2020-12-10 06:38:43');
INSERT INTO `Student_Building` (`id`, `Student_id`, `Building_id`, `inscription_date`) VALUES (191, 191, 16, '2020-10-29 13:59:19');
INSERT INTO `Student_Building` (`id`, `Student_id`, `Building_id`, `inscription_date`) VALUES (192, 192, 17, '2020-07-27 15:42:29');
INSERT INTO `Student_Building` (`id`, `Student_id`, `Building_id`, `inscription_date`) VALUES (193, 193, 18, '2022-05-01 06:39:18');
INSERT INTO `Student_Building` (`id`, `Student_id`, `Building_id`, `inscription_date`) VALUES (194, 194, 19, '2022-10-30 14:25:30');
INSERT INTO `Student_Building` (`id`, `Student_id`, `Building_id`, `inscription_date`) VALUES (195, 195, 20, '2022-03-11 14:19:12');
INSERT INTO `Student_Building` (`id`, `Student_id`, `Building_id`, `inscription_date`) VALUES (196, 196, 21, '2020-07-28 03:20:47');
INSERT INTO `Student_Building` (`id`, `Student_id`, `Building_id`, `inscription_date`) VALUES (197, 197, 22, '2022-04-02 10:30:51');
INSERT INTO `Student_Building` (`id`, `Student_id`, `Building_id`, `inscription_date`) VALUES (198, 198, 23, '2021-08-05 07:49:11');
INSERT INTO `Student_Building` (`id`, `Student_id`, `Building_id`, `inscription_date`) VALUES (199, 199, 24, '2021-08-27 16:40:10');
INSERT INTO `Student_Building` (`id`, `Student_id`, `Building_id`, `inscription_date`) VALUES (200, 200, 25, '2021-05-04 10:46:32');


INSERT INTO `Student_Note` (`Student_Building_id`, `score`) VALUES (1, 79);
INSERT INTO `Student_Note` (`Student_Building_id`, `score`) VALUES (2, 67);
INSERT INTO `Student_Note` (`Student_Building_id`, `score`) VALUES (3, 20);
INSERT INTO `Student_Note` (`Student_Building_id`, `score`) VALUES (4, 58);
INSERT INTO `Student_Note` (`Student_Building_id`, `score`) VALUES (5, 67);
INSERT INTO `Student_Note` (`Student_Building_id`, `score`) VALUES (6, 96);
INSERT INTO `Student_Note` (`Student_Building_id`, `score`) VALUES (7, 43);
INSERT INTO `Student_Note` (`Student_Building_id`, `score`) VALUES (8, 5);
INSERT INTO `Student_Note` (`Student_Building_id`, `score`) VALUES (9, 18);
INSERT INTO `Student_Note` (`Student_Building_id`, `score`) VALUES (10, 44);
INSERT INTO `Student_Note` (`Student_Building_id`, `score`) VALUES (11, 90);
INSERT INTO `Student_Note` (`Student_Building_id`, `score`) VALUES (12, 83);
INSERT INTO `Student_Note` (`Student_Building_id`, `score`) VALUES (13, 33);
INSERT INTO `Student_Note` (`Student_Building_id`, `score`) VALUES (14, 41);
INSERT INTO `Student_Note` (`Student_Building_id`, `score`) VALUES (15, 71);
INSERT INTO `Student_Note` (`Student_Building_id`, `score`) VALUES (16, 10);
INSERT INTO `Student_Note` (`Student_Building_id`, `score`) VALUES (17, 46);
INSERT INTO `Student_Note` (`Student_Building_id`, `score`) VALUES (18, 67);
INSERT INTO `Student_Note` (`Student_Building_id`, `score`) VALUES (19, 16);
INSERT INTO `Student_Note` (`Student_Building_id`, `score`) VALUES (20, 71);
INSERT INTO `Student_Note` (`Student_Building_id`, `score`) VALUES (21, 96);
INSERT INTO `Student_Note` (`Student_Building_id`, `score`) VALUES (22, 94);
INSERT INTO `Student_Note` (`Student_Building_id`, `score`) VALUES (23, 73);
INSERT INTO `Student_Note` (`Student_Building_id`, `score`) VALUES (24, 73);
INSERT INTO `Student_Note` (`Student_Building_id`, `score`) VALUES (25, 73);
INSERT INTO `Student_Note` (`Student_Building_id`, `score`) VALUES (26, 87);
INSERT INTO `Student_Note` (`Student_Building_id`, `score`) VALUES (27, 31);
INSERT INTO `Student_Note` (`Student_Building_id`, `score`) VALUES (28, 76);
INSERT INTO `Student_Note` (`Student_Building_id`, `score`) VALUES (29, 53);
INSERT INTO `Student_Note` (`Student_Building_id`, `score`) VALUES (30, 40);
INSERT INTO `Student_Note` (`Student_Building_id`, `score`) VALUES (31, 24);
INSERT INTO `Student_Note` (`Student_Building_id`, `score`) VALUES (32, 7);
INSERT INTO `Student_Note` (`Student_Building_id`, `score`) VALUES (33, 61);
INSERT INTO `Student_Note` (`Student_Building_id`, `score`) VALUES (34, 56);
INSERT INTO `Student_Note` (`Student_Building_id`, `score`) VALUES (35, 1);
INSERT INTO `Student_Note` (`Student_Building_id`, `score`) VALUES (36, 100);
INSERT INTO `Student_Note` (`Student_Building_id`, `score`) VALUES (37, 87);
INSERT INTO `Student_Note` (`Student_Building_id`, `score`) VALUES (38, 24);
INSERT INTO `Student_Note` (`Student_Building_id`, `score`) VALUES (39, 17);
INSERT INTO `Student_Note` (`Student_Building_id`, `score`) VALUES (40, 53);
INSERT INTO `Student_Note` (`Student_Building_id`, `score`) VALUES (41, 13);
INSERT INTO `Student_Note` (`Student_Building_id`, `score`) VALUES (42, 58);
INSERT INTO `Student_Note` (`Student_Building_id`, `score`) VALUES (43, 18);
INSERT INTO `Student_Note` (`Student_Building_id`, `score`) VALUES (44, 85);
INSERT INTO `Student_Note` (`Student_Building_id`, `score`) VALUES (45, 59);
INSERT INTO `Student_Note` (`Student_Building_id`, `score`) VALUES (46, 28);
INSERT INTO `Student_Note` (`Student_Building_id`, `score`) VALUES (47, 77);
INSERT INTO `Student_Note` (`Student_Building_id`, `score`) VALUES (48, 66);
INSERT INTO `Student_Note` (`Student_Building_id`, `score`) VALUES (49, 66);
INSERT INTO `Student_Note` (`Student_Building_id`, `score`) VALUES (50, 92);
INSERT INTO `Student_Note` (`Student_Building_id`, `score`) VALUES (51, 9);
INSERT INTO `Student_Note` (`Student_Building_id`, `score`) VALUES (52, 17);
INSERT INTO `Student_Note` (`Student_Building_id`, `score`) VALUES (53, 47);
INSERT INTO `Student_Note` (`Student_Building_id`, `score`) VALUES (54, 67);
INSERT INTO `Student_Note` (`Student_Building_id`, `score`) VALUES (55, 87);
INSERT INTO `Student_Note` (`Student_Building_id`, `score`) VALUES (56, 41);
INSERT INTO `Student_Note` (`Student_Building_id`, `score`) VALUES (57, 72);
INSERT INTO `Student_Note` (`Student_Building_id`, `score`) VALUES (58, 56);
INSERT INTO `Student_Note` (`Student_Building_id`, `score`) VALUES (59, 73);
INSERT INTO `Student_Note` (`Student_Building_id`, `score`) VALUES (60, 1);
INSERT INTO `Student_Note` (`Student_Building_id`, `score`) VALUES (61, 5);
INSERT INTO `Student_Note` (`Student_Building_id`, `score`) VALUES (62, 29);
INSERT INTO `Student_Note` (`Student_Building_id`, `score`) VALUES (63, 82);
INSERT INTO `Student_Note` (`Student_Building_id`, `score`) VALUES (64, 64);
INSERT INTO `Student_Note` (`Student_Building_id`, `score`) VALUES (65, 10);
INSERT INTO `Student_Note` (`Student_Building_id`, `score`) VALUES (66, 54);
INSERT INTO `Student_Note` (`Student_Building_id`, `score`) VALUES (67, 85);
INSERT INTO `Student_Note` (`Student_Building_id`, `score`) VALUES (68, 75);
INSERT INTO `Student_Note` (`Student_Building_id`, `score`) VALUES (69, 91);
INSERT INTO `Student_Note` (`Student_Building_id`, `score`) VALUES (70, 36);
INSERT INTO `Student_Note` (`Student_Building_id`, `score`) VALUES (71, 26);
INSERT INTO `Student_Note` (`Student_Building_id`, `score`) VALUES (72, 60);
INSERT INTO `Student_Note` (`Student_Building_id`, `score`) VALUES (73, 45);
INSERT INTO `Student_Note` (`Student_Building_id`, `score`) VALUES (74, 30);
INSERT INTO `Student_Note` (`Student_Building_id`, `score`) VALUES (75, 40);
INSERT INTO `Student_Note` (`Student_Building_id`, `score`) VALUES (76, 88);
INSERT INTO `Student_Note` (`Student_Building_id`, `score`) VALUES (77, 36);
INSERT INTO `Student_Note` (`Student_Building_id`, `score`) VALUES (78, 21);
INSERT INTO `Student_Note` (`Student_Building_id`, `score`) VALUES (79, 75);
INSERT INTO `Student_Note` (`Student_Building_id`, `score`) VALUES (80, 8);
INSERT INTO `Student_Note` (`Student_Building_id`, `score`) VALUES (81, 64);
INSERT INTO `Student_Note` (`Student_Building_id`, `score`) VALUES (82, 23);
INSERT INTO `Student_Note` (`Student_Building_id`, `score`) VALUES (83, 82);
INSERT INTO `Student_Note` (`Student_Building_id`, `score`) VALUES (84, 52);
INSERT INTO `Student_Note` (`Student_Building_id`, `score`) VALUES (85, 40);
INSERT INTO `Student_Note` (`Student_Building_id`, `score`) VALUES (86, 99);
INSERT INTO `Student_Note` (`Student_Building_id`, `score`) VALUES (87, 58);
INSERT INTO `Student_Note` (`Student_Building_id`, `score`) VALUES (88, 98);
INSERT INTO `Student_Note` (`Student_Building_id`, `score`) VALUES (89, 38);
INSERT INTO `Student_Note` (`Student_Building_id`, `score`) VALUES (90, 56);
INSERT INTO `Student_Note` (`Student_Building_id`, `score`) VALUES (91, 56);
INSERT INTO `Student_Note` (`Student_Building_id`, `score`) VALUES (92, 100);
INSERT INTO `Student_Note` (`Student_Building_id`, `score`) VALUES (93, 53);
INSERT INTO `Student_Note` (`Student_Building_id`, `score`) VALUES (94, 67);
INSERT INTO `Student_Note` (`Student_Building_id`, `score`) VALUES (95, 47);
INSERT INTO `Student_Note` (`Student_Building_id`, `score`) VALUES (96, 52);
INSERT INTO `Student_Note` (`Student_Building_id`, `score`) VALUES (97, 99);
INSERT INTO `Student_Note` (`Student_Building_id`, `score`) VALUES (98, 96);
INSERT INTO `Student_Note` (`Student_Building_id`, `score`) VALUES (99, 5);
INSERT INTO `Student_Note` (`Student_Building_id`, `score`) VALUES (100, 8);
INSERT INTO `Student_Note` (`Student_Building_id`, `score`) VALUES (101, 13);
INSERT INTO `Student_Note` (`Student_Building_id`, `score`) VALUES (102, 10);
INSERT INTO `Student_Note` (`Student_Building_id`, `score`) VALUES (103, 61);
INSERT INTO `Student_Note` (`Student_Building_id`, `score`) VALUES (104, 33);
INSERT INTO `Student_Note` (`Student_Building_id`, `score`) VALUES (105, 14);
INSERT INTO `Student_Note` (`Student_Building_id`, `score`) VALUES (106, 28);
INSERT INTO `Student_Note` (`Student_Building_id`, `score`) VALUES (107, 57);
INSERT INTO `Student_Note` (`Student_Building_id`, `score`) VALUES (108, 14);
INSERT INTO `Student_Note` (`Student_Building_id`, `score`) VALUES (109, 58);
INSERT INTO `Student_Note` (`Student_Building_id`, `score`) VALUES (110, 75);
INSERT INTO `Student_Note` (`Student_Building_id`, `score`) VALUES (111, 52);
INSERT INTO `Student_Note` (`Student_Building_id`, `score`) VALUES (112, 44);
INSERT INTO `Student_Note` (`Student_Building_id`, `score`) VALUES (113, 34);
INSERT INTO `Student_Note` (`Student_Building_id`, `score`) VALUES (114, 99);
INSERT INTO `Student_Note` (`Student_Building_id`, `score`) VALUES (115, 34);
INSERT INTO `Student_Note` (`Student_Building_id`, `score`) VALUES (116, 63);
INSERT INTO `Student_Note` (`Student_Building_id`, `score`) VALUES (117, 21);
INSERT INTO `Student_Note` (`Student_Building_id`, `score`) VALUES (118, 13);
INSERT INTO `Student_Note` (`Student_Building_id`, `score`) VALUES (119, 78);
INSERT INTO `Student_Note` (`Student_Building_id`, `score`) VALUES (120, 78);
INSERT INTO `Student_Note` (`Student_Building_id`, `score`) VALUES (121, 71);
INSERT INTO `Student_Note` (`Student_Building_id`, `score`) VALUES (122, 53);
INSERT INTO `Student_Note` (`Student_Building_id`, `score`) VALUES (123, 10);
INSERT INTO `Student_Note` (`Student_Building_id`, `score`) VALUES (124, 87);
INSERT INTO `Student_Note` (`Student_Building_id`, `score`) VALUES (125, 42);
INSERT INTO `Student_Note` (`Student_Building_id`, `score`) VALUES (126, 69);
INSERT INTO `Student_Note` (`Student_Building_id`, `score`) VALUES (127, 69);
INSERT INTO `Student_Note` (`Student_Building_id`, `score`) VALUES (128, 60);
INSERT INTO `Student_Note` (`Student_Building_id`, `score`) VALUES (129, 3);
INSERT INTO `Student_Note` (`Student_Building_id`, `score`) VALUES (130, 26);
INSERT INTO `Student_Note` (`Student_Building_id`, `score`) VALUES (131, 92);
INSERT INTO `Student_Note` (`Student_Building_id`, `score`) VALUES (132, 24);
INSERT INTO `Student_Note` (`Student_Building_id`, `score`) VALUES (133, 58);
INSERT INTO `Student_Note` (`Student_Building_id`, `score`) VALUES (134, 68);
INSERT INTO `Student_Note` (`Student_Building_id`, `score`) VALUES (135, 41);
INSERT INTO `Student_Note` (`Student_Building_id`, `score`) VALUES (136, 37);
INSERT INTO `Student_Note` (`Student_Building_id`, `score`) VALUES (137, 75);
INSERT INTO `Student_Note` (`Student_Building_id`, `score`) VALUES (138, 88);
INSERT INTO `Student_Note` (`Student_Building_id`, `score`) VALUES (139, 35);
INSERT INTO `Student_Note` (`Student_Building_id`, `score`) VALUES (140, 4);
INSERT INTO `Student_Note` (`Student_Building_id`, `score`) VALUES (141, 40);
INSERT INTO `Student_Note` (`Student_Building_id`, `score`) VALUES (142, 36);
INSERT INTO `Student_Note` (`Student_Building_id`, `score`) VALUES (143, 34);
INSERT INTO `Student_Note` (`Student_Building_id`, `score`) VALUES (144, 20);
INSERT INTO `Student_Note` (`Student_Building_id`, `score`) VALUES (145, 73);
INSERT INTO `Student_Note` (`Student_Building_id`, `score`) VALUES (146, 46);
INSERT INTO `Student_Note` (`Student_Building_id`, `score`) VALUES (147, 46);
INSERT INTO `Student_Note` (`Student_Building_id`, `score`) VALUES (148, 39);
INSERT INTO `Student_Note` (`Student_Building_id`, `score`) VALUES (149, 2);
INSERT INTO `Student_Note` (`Student_Building_id`, `score`) VALUES (150, 66);
INSERT INTO `Student_Note` (`Student_Building_id`, `score`) VALUES (151, 33);
INSERT INTO `Student_Note` (`Student_Building_id`, `score`) VALUES (152, 36);
INSERT INTO `Student_Note` (`Student_Building_id`, `score`) VALUES (153, 57);
INSERT INTO `Student_Note` (`Student_Building_id`, `score`) VALUES (154, 15);
INSERT INTO `Student_Note` (`Student_Building_id`, `score`) VALUES (155, 70);
INSERT INTO `Student_Note` (`Student_Building_id`, `score`) VALUES (156, 60);
INSERT INTO `Student_Note` (`Student_Building_id`, `score`) VALUES (157, 31);
INSERT INTO `Student_Note` (`Student_Building_id`, `score`) VALUES (158, 34);
INSERT INTO `Student_Note` (`Student_Building_id`, `score`) VALUES (159, 57);
INSERT INTO `Student_Note` (`Student_Building_id`, `score`) VALUES (160, 35);
INSERT INTO `Student_Note` (`Student_Building_id`, `score`) VALUES (161, 55);
INSERT INTO `Student_Note` (`Student_Building_id`, `score`) VALUES (162, 59);
INSERT INTO `Student_Note` (`Student_Building_id`, `score`) VALUES (163, 57);
INSERT INTO `Student_Note` (`Student_Building_id`, `score`) VALUES (164, 22);
INSERT INTO `Student_Note` (`Student_Building_id`, `score`) VALUES (165, 1);
INSERT INTO `Student_Note` (`Student_Building_id`, `score`) VALUES (166, 13);
INSERT INTO `Student_Note` (`Student_Building_id`, `score`) VALUES (167, 45);
INSERT INTO `Student_Note` (`Student_Building_id`, `score`) VALUES (168, 63);
INSERT INTO `Student_Note` (`Student_Building_id`, `score`) VALUES (169, 30);
INSERT INTO `Student_Note` (`Student_Building_id`, `score`) VALUES (170, 70);
INSERT INTO `Student_Note` (`Student_Building_id`, `score`) VALUES (171, 86);
INSERT INTO `Student_Note` (`Student_Building_id`, `score`) VALUES (172, 94);
INSERT INTO `Student_Note` (`Student_Building_id`, `score`) VALUES (173, 10);
INSERT INTO `Student_Note` (`Student_Building_id`, `score`) VALUES (174, 67);
INSERT INTO `Student_Note` (`Student_Building_id`, `score`) VALUES (175, 94);
INSERT INTO `Student_Note` (`Student_Building_id`, `score`) VALUES (176, 16);
INSERT INTO `Student_Note` (`Student_Building_id`, `score`) VALUES (177, 7);
INSERT INTO `Student_Note` (`Student_Building_id`, `score`) VALUES (178, 97);
INSERT INTO `Student_Note` (`Student_Building_id`, `score`) VALUES (179, 21);
INSERT INTO `Student_Note` (`Student_Building_id`, `score`) VALUES (180, 28);
INSERT INTO `Student_Note` (`Student_Building_id`, `score`) VALUES (181, 46);
INSERT INTO `Student_Note` (`Student_Building_id`, `score`) VALUES (182, 69);
INSERT INTO `Student_Note` (`Student_Building_id`, `score`) VALUES (183, 61);
INSERT INTO `Student_Note` (`Student_Building_id`, `score`) VALUES (184, 17);
INSERT INTO `Student_Note` (`Student_Building_id`, `score`) VALUES (185, 39);
INSERT INTO `Student_Note` (`Student_Building_id`, `score`) VALUES (186, 39);
INSERT INTO `Student_Note` (`Student_Building_id`, `score`) VALUES (187, 49);
INSERT INTO `Student_Note` (`Student_Building_id`, `score`) VALUES (188, 13);
INSERT INTO `Student_Note` (`Student_Building_id`, `score`) VALUES (189, 61);
INSERT INTO `Student_Note` (`Student_Building_id`, `score`) VALUES (190, 22);
INSERT INTO `Student_Note` (`Student_Building_id`, `score`) VALUES (191, 85);
INSERT INTO `Student_Note` (`Student_Building_id`, `score`) VALUES (192, 20);
INSERT INTO `Student_Note` (`Student_Building_id`, `score`) VALUES (193, 18);
INSERT INTO `Student_Note` (`Student_Building_id`, `score`) VALUES (194, 15);
INSERT INTO `Student_Note` (`Student_Building_id`, `score`) VALUES (195, 99);
INSERT INTO `Student_Note` (`Student_Building_id`, `score`) VALUES (196, 44);
INSERT INTO `Student_Note` (`Student_Building_id`, `score`) VALUES (197, 77);
INSERT INTO `Student_Note` (`Student_Building_id`, `score`) VALUES (198, 80);
INSERT INTO `Student_Note` (`Student_Building_id`, `score`) VALUES (199, 56);
INSERT INTO `Student_Note` (`Student_Building_id`, `score`) VALUES (200, 59);
INSERT INTO `Student_Note` (`Student_Building_id`, `score`) VALUES (1, 76);
INSERT INTO `Student_Note` (`Student_Building_id`, `score`) VALUES (2, 56);
INSERT INTO `Student_Note` (`Student_Building_id`, `score`) VALUES (3, 28);
INSERT INTO `Student_Note` (`Student_Building_id`, `score`) VALUES (4, 61);
INSERT INTO `Student_Note` (`Student_Building_id`, `score`) VALUES (5, 70);
INSERT INTO `Student_Note` (`Student_Building_id`, `score`) VALUES (6, 35);
INSERT INTO `Student_Note` (`Student_Building_id`, `score`) VALUES (7, 75);
INSERT INTO `Student_Note` (`Student_Building_id`, `score`) VALUES (8, 1);
INSERT INTO `Student_Note` (`Student_Building_id`, `score`) VALUES (9, 19);
INSERT INTO `Student_Note` (`Student_Building_id`, `score`) VALUES (10, 45);
INSERT INTO `Student_Note` (`Student_Building_id`, `score`) VALUES (11, 77);
INSERT INTO `Student_Note` (`Student_Building_id`, `score`) VALUES (12, 48);
INSERT INTO `Student_Note` (`Student_Building_id`, `score`) VALUES (13, 53);
INSERT INTO `Student_Note` (`Student_Building_id`, `score`) VALUES (14, 61);
INSERT INTO `Student_Note` (`Student_Building_id`, `score`) VALUES (15, 98);
INSERT INTO `Student_Note` (`Student_Building_id`, `score`) VALUES (16, 31);
INSERT INTO `Student_Note` (`Student_Building_id`, `score`) VALUES (17, 4);
INSERT INTO `Student_Note` (`Student_Building_id`, `score`) VALUES (18, 33);
INSERT INTO `Student_Note` (`Student_Building_id`, `score`) VALUES (19, 49);
INSERT INTO `Student_Note` (`Student_Building_id`, `score`) VALUES (20, 83);
INSERT INTO `Student_Note` (`Student_Building_id`, `score`) VALUES (21, 6);
INSERT INTO `Student_Note` (`Student_Building_id`, `score`) VALUES (22, 16);
INSERT INTO `Student_Note` (`Student_Building_id`, `score`) VALUES (23, 81);
INSERT INTO `Student_Note` (`Student_Building_id`, `score`) VALUES (24, 19);
INSERT INTO `Student_Note` (`Student_Building_id`, `score`) VALUES (25, 81);
INSERT INTO `Student_Note` (`Student_Building_id`, `score`) VALUES (26, 86);
INSERT INTO `Student_Note` (`Student_Building_id`, `score`) VALUES (27, 37);
INSERT INTO `Student_Note` (`Student_Building_id`, `score`) VALUES (28, 80);
INSERT INTO `Student_Note` (`Student_Building_id`, `score`) VALUES (29, 37);
INSERT INTO `Student_Note` (`Student_Building_id`, `score`) VALUES (30, 52);
INSERT INTO `Student_Note` (`Student_Building_id`, `score`) VALUES (31, 3);
INSERT INTO `Student_Note` (`Student_Building_id`, `score`) VALUES (32, 63);
INSERT INTO `Student_Note` (`Student_Building_id`, `score`) VALUES (33, 53);
INSERT INTO `Student_Note` (`Student_Building_id`, `score`) VALUES (34, 29);
INSERT INTO `Student_Note` (`Student_Building_id`, `score`) VALUES (35, 1);
INSERT INTO `Student_Note` (`Student_Building_id`, `score`) VALUES (36, 90);
INSERT INTO `Student_Note` (`Student_Building_id`, `score`) VALUES (37, 53);
INSERT INTO `Student_Note` (`Student_Building_id`, `score`) VALUES (38, 83);
INSERT INTO `Student_Note` (`Student_Building_id`, `score`) VALUES (39, 87);
INSERT INTO `Student_Note` (`Student_Building_id`, `score`) VALUES (40, 62);
INSERT INTO `Student_Note` (`Student_Building_id`, `score`) VALUES (41, 37);
INSERT INTO `Student_Note` (`Student_Building_id`, `score`) VALUES (42, 77);
INSERT INTO `Student_Note` (`Student_Building_id`, `score`) VALUES (43, 24);
INSERT INTO `Student_Note` (`Student_Building_id`, `score`) VALUES (44, 9);
INSERT INTO `Student_Note` (`Student_Building_id`, `score`) VALUES (45, 73);
INSERT INTO `Student_Note` (`Student_Building_id`, `score`) VALUES (46, 45);
INSERT INTO `Student_Note` (`Student_Building_id`, `score`) VALUES (47, 20);
INSERT INTO `Student_Note` (`Student_Building_id`, `score`) VALUES (48, 25);
INSERT INTO `Student_Note` (`Student_Building_id`, `score`) VALUES (49, 56);
INSERT INTO `Student_Note` (`Student_Building_id`, `score`) VALUES (50, 9);
INSERT INTO `Student_Note` (`Student_Building_id`, `score`) VALUES (51, 58);
INSERT INTO `Student_Note` (`Student_Building_id`, `score`) VALUES (52, 12);
INSERT INTO `Student_Note` (`Student_Building_id`, `score`) VALUES (53, 15);
INSERT INTO `Student_Note` (`Student_Building_id`, `score`) VALUES (54, 23);
INSERT INTO `Student_Note` (`Student_Building_id`, `score`) VALUES (55, 52);
INSERT INTO `Student_Note` (`Student_Building_id`, `score`) VALUES (56, 80);
INSERT INTO `Student_Note` (`Student_Building_id`, `score`) VALUES (57, 100);
INSERT INTO `Student_Note` (`Student_Building_id`, `score`) VALUES (58, 27);
INSERT INTO `Student_Note` (`Student_Building_id`, `score`) VALUES (59, 75);
INSERT INTO `Student_Note` (`Student_Building_id`, `score`) VALUES (60, 27);
INSERT INTO `Student_Note` (`Student_Building_id`, `score`) VALUES (61, 98);
INSERT INTO `Student_Note` (`Student_Building_id`, `score`) VALUES (62, 91);
INSERT INTO `Student_Note` (`Student_Building_id`, `score`) VALUES (63, 54);
INSERT INTO `Student_Note` (`Student_Building_id`, `score`) VALUES (64, 100);
INSERT INTO `Student_Note` (`Student_Building_id`, `score`) VALUES (65, 72);
INSERT INTO `Student_Note` (`Student_Building_id`, `score`) VALUES (66, 13);
INSERT INTO `Student_Note` (`Student_Building_id`, `score`) VALUES (67, 46);
INSERT INTO `Student_Note` (`Student_Building_id`, `score`) VALUES (68, 97);
INSERT INTO `Student_Note` (`Student_Building_id`, `score`) VALUES (69, 31);
INSERT INTO `Student_Note` (`Student_Building_id`, `score`) VALUES (70, 59);
INSERT INTO `Student_Note` (`Student_Building_id`, `score`) VALUES (71, 59);
INSERT INTO `Student_Note` (`Student_Building_id`, `score`) VALUES (72, 52);
INSERT INTO `Student_Note` (`Student_Building_id`, `score`) VALUES (73, 98);
INSERT INTO `Student_Note` (`Student_Building_id`, `score`) VALUES (74, 63);
INSERT INTO `Student_Note` (`Student_Building_id`, `score`) VALUES (75, 65);
INSERT INTO `Student_Note` (`Student_Building_id`, `score`) VALUES (76, 65);
INSERT INTO `Student_Note` (`Student_Building_id`, `score`) VALUES (77, 90);
INSERT INTO `Student_Note` (`Student_Building_id`, `score`) VALUES (78, 50);
INSERT INTO `Student_Note` (`Student_Building_id`, `score`) VALUES (79, 31);
INSERT INTO `Student_Note` (`Student_Building_id`, `score`) VALUES (80, 36);
INSERT INTO `Student_Note` (`Student_Building_id`, `score`) VALUES (81, 5);
INSERT INTO `Student_Note` (`Student_Building_id`, `score`) VALUES (82, 82);
INSERT INTO `Student_Note` (`Student_Building_id`, `score`) VALUES (83, 96);
INSERT INTO `Student_Note` (`Student_Building_id`, `score`) VALUES (84, 61);
INSERT INTO `Student_Note` (`Student_Building_id`, `score`) VALUES (85, 25);
INSERT INTO `Student_Note` (`Student_Building_id`, `score`) VALUES (86, 40);
INSERT INTO `Student_Note` (`Student_Building_id`, `score`) VALUES (87, 100);
INSERT INTO `Student_Note` (`Student_Building_id`, `score`) VALUES (88, 68);
INSERT INTO `Student_Note` (`Student_Building_id`, `score`) VALUES (89, 75);
INSERT INTO `Student_Note` (`Student_Building_id`, `score`) VALUES (90, 40);
INSERT INTO `Student_Note` (`Student_Building_id`, `score`) VALUES (91, 13);
INSERT INTO `Student_Note` (`Student_Building_id`, `score`) VALUES (92, 87);
INSERT INTO `Student_Note` (`Student_Building_id`, `score`) VALUES (93, 34);
INSERT INTO `Student_Note` (`Student_Building_id`, `score`) VALUES (94, 89);
INSERT INTO `Student_Note` (`Student_Building_id`, `score`) VALUES (95, 53);
INSERT INTO `Student_Note` (`Student_Building_id`, `score`) VALUES (96, 98);
INSERT INTO `Student_Note` (`Student_Building_id`, `score`) VALUES (97, 57);
INSERT INTO `Student_Note` (`Student_Building_id`, `score`) VALUES (98, 98);
INSERT INTO `Student_Note` (`Student_Building_id`, `score`) VALUES (99, 40);
INSERT INTO `Student_Note` (`Student_Building_id`, `score`) VALUES (100, 90);
INSERT INTO `Student_Note` (`Student_Building_id`, `score`) VALUES (101, 33);
INSERT INTO `Student_Note` (`Student_Building_id`, `score`) VALUES (102, 10);
INSERT INTO `Student_Note` (`Student_Building_id`, `score`) VALUES (103, 75);
INSERT INTO `Student_Note` (`Student_Building_id`, `score`) VALUES (104, 23);
INSERT INTO `Student_Note` (`Student_Building_id`, `score`) VALUES (105, 52);
INSERT INTO `Student_Note` (`Student_Building_id`, `score`) VALUES (106, 78);
INSERT INTO `Student_Note` (`Student_Building_id`, `score`) VALUES (107, 99);
INSERT INTO `Student_Note` (`Student_Building_id`, `score`) VALUES (108, 13);
INSERT INTO `Student_Note` (`Student_Building_id`, `score`) VALUES (109, 39);
INSERT INTO `Student_Note` (`Student_Building_id`, `score`) VALUES (110, 68);
INSERT INTO `Student_Note` (`Student_Building_id`, `score`) VALUES (111, 92);
INSERT INTO `Student_Note` (`Student_Building_id`, `score`) VALUES (112, 27);
INSERT INTO `Student_Note` (`Student_Building_id`, `score`) VALUES (113, 13);
INSERT INTO `Student_Note` (`Student_Building_id`, `score`) VALUES (114, 2);
INSERT INTO `Student_Note` (`Student_Building_id`, `score`) VALUES (115, 60);
INSERT INTO `Student_Note` (`Student_Building_id`, `score`) VALUES (116, 18);
INSERT INTO `Student_Note` (`Student_Building_id`, `score`) VALUES (117, 99);
INSERT INTO `Student_Note` (`Student_Building_id`, `score`) VALUES (118, 16);
INSERT INTO `Student_Note` (`Student_Building_id`, `score`) VALUES (119, 29);
INSERT INTO `Student_Note` (`Student_Building_id`, `score`) VALUES (120, 24);
INSERT INTO `Student_Note` (`Student_Building_id`, `score`) VALUES (121, 7);
INSERT INTO `Student_Note` (`Student_Building_id`, `score`) VALUES (122, 86);
INSERT INTO `Student_Note` (`Student_Building_id`, `score`) VALUES (123, 84);
INSERT INTO `Student_Note` (`Student_Building_id`, `score`) VALUES (124, 12);
INSERT INTO `Student_Note` (`Student_Building_id`, `score`) VALUES (125, 35);
INSERT INTO `Student_Note` (`Student_Building_id`, `score`) VALUES (126, 17);
INSERT INTO `Student_Note` (`Student_Building_id`, `score`) VALUES (127, 26);
INSERT INTO `Student_Note` (`Student_Building_id`, `score`) VALUES (128, 73);
INSERT INTO `Student_Note` (`Student_Building_id`, `score`) VALUES (129, 69);
INSERT INTO `Student_Note` (`Student_Building_id`, `score`) VALUES (130, 82);
INSERT INTO `Student_Note` (`Student_Building_id`, `score`) VALUES (131, 3);
INSERT INTO `Student_Note` (`Student_Building_id`, `score`) VALUES (132, 84);
INSERT INTO `Student_Note` (`Student_Building_id`, `score`) VALUES (133, 57);
INSERT INTO `Student_Note` (`Student_Building_id`, `score`) VALUES (134, 95);
INSERT INTO `Student_Note` (`Student_Building_id`, `score`) VALUES (135, 80);
INSERT INTO `Student_Note` (`Student_Building_id`, `score`) VALUES (136, 78);
INSERT INTO `Student_Note` (`Student_Building_id`, `score`) VALUES (137, 52);
INSERT INTO `Student_Note` (`Student_Building_id`, `score`) VALUES (138, 53);
INSERT INTO `Student_Note` (`Student_Building_id`, `score`) VALUES (139, 64);
INSERT INTO `Student_Note` (`Student_Building_id`, `score`) VALUES (140, 11);
INSERT INTO `Student_Note` (`Student_Building_id`, `score`) VALUES (141, 53);
INSERT INTO `Student_Note` (`Student_Building_id`, `score`) VALUES (142, 93);
INSERT INTO `Student_Note` (`Student_Building_id`, `score`) VALUES (143, 46);
INSERT INTO `Student_Note` (`Student_Building_id`, `score`) VALUES (144, 34);
INSERT INTO `Student_Note` (`Student_Building_id`, `score`) VALUES (145, 57);
INSERT INTO `Student_Note` (`Student_Building_id`, `score`) VALUES (146, 12);
INSERT INTO `Student_Note` (`Student_Building_id`, `score`) VALUES (147, 0);
INSERT INTO `Student_Note` (`Student_Building_id`, `score`) VALUES (148, 48);
INSERT INTO `Student_Note` (`Student_Building_id`, `score`) VALUES (149, 59);
INSERT INTO `Student_Note` (`Student_Building_id`, `score`) VALUES (150, 89);
INSERT INTO `Student_Note` (`Student_Building_id`, `score`) VALUES (151, 6);
INSERT INTO `Student_Note` (`Student_Building_id`, `score`) VALUES (152, 82);
INSERT INTO `Student_Note` (`Student_Building_id`, `score`) VALUES (153, 11);
INSERT INTO `Student_Note` (`Student_Building_id`, `score`) VALUES (154, 19);
INSERT INTO `Student_Note` (`Student_Building_id`, `score`) VALUES (155, 79);
INSERT INTO `Student_Note` (`Student_Building_id`, `score`) VALUES (156, 99);
INSERT INTO `Student_Note` (`Student_Building_id`, `score`) VALUES (157, 44);
INSERT INTO `Student_Note` (`Student_Building_id`, `score`) VALUES (158, 25);
INSERT INTO `Student_Note` (`Student_Building_id`, `score`) VALUES (159, 82);
INSERT INTO `Student_Note` (`Student_Building_id`, `score`) VALUES (160, 67);
INSERT INTO `Student_Note` (`Student_Building_id`, `score`) VALUES (161, 75);
INSERT INTO `Student_Note` (`Student_Building_id`, `score`) VALUES (162, 36);
INSERT INTO `Student_Note` (`Student_Building_id`, `score`) VALUES (163, 0);
INSERT INTO `Student_Note` (`Student_Building_id`, `score`) VALUES (164, 12);
INSERT INTO `Student_Note` (`Student_Building_id`, `score`) VALUES (165, 39);
INSERT INTO `Student_Note` (`Student_Building_id`, `score`) VALUES (166, 0);
INSERT INTO `Student_Note` (`Student_Building_id`, `score`) VALUES (167, 4);
INSERT INTO `Student_Note` (`Student_Building_id`, `score`) VALUES (168, 34);
INSERT INTO `Student_Note` (`Student_Building_id`, `score`) VALUES (169, 100);
INSERT INTO `Student_Note` (`Student_Building_id`, `score`) VALUES (170, 13);
INSERT INTO `Student_Note` (`Student_Building_id`, `score`) VALUES (171, 55);
INSERT INTO `Student_Note` (`Student_Building_id`, `score`) VALUES (172, 94);
INSERT INTO `Student_Note` (`Student_Building_id`, `score`) VALUES (173, 54);
INSERT INTO `Student_Note` (`Student_Building_id`, `score`) VALUES (174, 83);
INSERT INTO `Student_Note` (`Student_Building_id`, `score`) VALUES (175, 10);
INSERT INTO `Student_Note` (`Student_Building_id`, `score`) VALUES (176, 9);
INSERT INTO `Student_Note` (`Student_Building_id`, `score`) VALUES (177, 76);
INSERT INTO `Student_Note` (`Student_Building_id`, `score`) VALUES (178, 87);
INSERT INTO `Student_Note` (`Student_Building_id`, `score`) VALUES (179, 52);
INSERT INTO `Student_Note` (`Student_Building_id`, `score`) VALUES (180, 95);
INSERT INTO `Student_Note` (`Student_Building_id`, `score`) VALUES (181, 21);
INSERT INTO `Student_Note` (`Student_Building_id`, `score`) VALUES (182, 82);
INSERT INTO `Student_Note` (`Student_Building_id`, `score`) VALUES (183, 35);
INSERT INTO `Student_Note` (`Student_Building_id`, `score`) VALUES (184, 86);
INSERT INTO `Student_Note` (`Student_Building_id`, `score`) VALUES (185, 11);
INSERT INTO `Student_Note` (`Student_Building_id`, `score`) VALUES (186, 18);
INSERT INTO `Student_Note` (`Student_Building_id`, `score`) VALUES (187, 71);
INSERT INTO `Student_Note` (`Student_Building_id`, `score`) VALUES (188, 90);
INSERT INTO `Student_Note` (`Student_Building_id`, `score`) VALUES (189, 87);
INSERT INTO `Student_Note` (`Student_Building_id`, `score`) VALUES (190, 83);
INSERT INTO `Student_Note` (`Student_Building_id`, `score`) VALUES (191, 90);
INSERT INTO `Student_Note` (`Student_Building_id`, `score`) VALUES (192, 9);
INSERT INTO `Student_Note` (`Student_Building_id`, `score`) VALUES (193, 8);
INSERT INTO `Student_Note` (`Student_Building_id`, `score`) VALUES (194, 66);
INSERT INTO `Student_Note` (`Student_Building_id`, `score`) VALUES (195, 71);
INSERT INTO `Student_Note` (`Student_Building_id`, `score`) VALUES (196, 13);
INSERT INTO `Student_Note` (`Student_Building_id`, `score`) VALUES (197, 90);
INSERT INTO `Student_Note` (`Student_Building_id`, `score`) VALUES (198, 61);
INSERT INTO `Student_Note` (`Student_Building_id`, `score`) VALUES (199, 74);
INSERT INTO `Student_Note` (`Student_Building_id`, `score`) VALUES (200, 67);