INSERT INTO `Vehicle` (`id`, `model`, `type`, `available`) VALUES (1, 'aut', 'Moen-Goldner', 0);
INSERT INTO `Vehicle` (`id`, `model`, `type`, `available`) VALUES (2, 'non', 'Sawayn Ltd', 1);
INSERT INTO `Vehicle` (`id`, `model`, `type`, `available`) VALUES (3, 'laboriosam', 'Jacobs-Kohler', 1);
INSERT INTO `Vehicle` (`id`, `model`, `type`, `available`) VALUES (4, 'in', 'Will-Lang', 0);
INSERT INTO `Vehicle` (`id`, `model`, `type`, `available`) VALUES (5, 'esse', 'Howell, O\'Keefe and Schaefer', 1);
INSERT INTO `Vehicle` (`id`, `model`, `type`, `available`) VALUES (6, 'atque', 'Predovic, Littel and Gislason', 1);
INSERT INTO `Vehicle` (`id`, `model`, `type`, `available`) VALUES (7, 'est', 'Crooks Ltd', 0);
INSERT INTO `Vehicle` (`id`, `model`, `type`, `available`) VALUES (8, 'sit', 'Hayes, Tillman and Kertzmann', 0);
INSERT INTO `Vehicle` (`id`, `model`, `type`, `available`) VALUES (9, 'error', 'Wunsch-Prosacco', 1);
INSERT INTO `Vehicle` (`id`, `model`, `type`, `available`) VALUES (10, 'eaque', 'Senger-Cormier', 1);
INSERT INTO `Vehicle` (`id`, `model`, `type`, `available`) VALUES (11, 'voluptates', 'Collins Ltd', 1);
INSERT INTO `Vehicle` (`id`, `model`, `type`, `available`) VALUES (12, 'voluptates', 'Metz-Kozey', 0);
INSERT INTO `Vehicle` (`id`, `model`, `type`, `available`) VALUES (13, 'officiis', 'Senger, Dach and Shields', 1);
INSERT INTO `Vehicle` (`id`, `model`, `type`, `available`) VALUES (14, 'eveniet', 'Breitenberg-Mraz', 1);
INSERT INTO `Vehicle` (`id`, `model`, `type`, `available`) VALUES (15, 'ut', 'Boyer Ltd', 1);
INSERT INTO `Vehicle` (`id`, `model`, `type`, `available`) VALUES (16, 'exercitationem', 'Morissette Group', 1);
INSERT INTO `Vehicle` (`id`, `model`, `type`, `available`) VALUES (17, 'corporis', 'Spencer, Jenkins and Brakus', 1);
INSERT INTO `Vehicle` (`id`, `model`, `type`, `available`) VALUES (18, 'sit', 'Lemke-Dicki', 0);
INSERT INTO `Vehicle` (`id`, `model`, `type`, `available`) VALUES (19, 'totam', 'Keeling and Sons', 0);
INSERT INTO `Vehicle` (`id`, `model`, `type`, `available`) VALUES (20, 'ullam', 'McCullough, Skiles and Osinski', 0);
INSERT INTO `Vehicle` (`id`, `model`, `type`, `available`) VALUES (21, 'qui', 'Herman Ltd', 0);
INSERT INTO `Vehicle` (`id`, `model`, `type`, `available`) VALUES (22, 'nihil', 'Volkman, Osinski and Altenwerth', 0);
INSERT INTO `Vehicle` (`id`, `model`, `type`, `available`) VALUES (23, 'vel', 'Reinger-Waelchi', 0);
INSERT INTO `Vehicle` (`id`, `model`, `type`, `available`) VALUES (24, 'dicta', 'McCullough, Fritsch and Keebler', 1);
INSERT INTO `Vehicle` (`id`, `model`, `type`, `available`) VALUES (25, 'qui', 'Leannon Group', 1);
INSERT INTO `Vehicle` (`id`, `model`, `type`, `available`) VALUES (26, 'necessitatibus', 'Abshire, Veum and Barrows', 1);
INSERT INTO `Vehicle` (`id`, `model`, `type`, `available`) VALUES (27, 'dolorem', 'Hartmann, Reinger and Gottlieb', 1);
INSERT INTO `Vehicle` (`id`, `model`, `type`, `available`) VALUES (28, 'minus', 'Connelly, Schimmel and Harris', 1);
INSERT INTO `Vehicle` (`id`, `model`, `type`, `available`) VALUES (29, 'rerum', 'Thiel, Kihn and Schuppe', 0);
INSERT INTO `Vehicle` (`id`, `model`, `type`, `available`) VALUES (30, 'et', 'Predovic-Prosacco', 1);
INSERT INTO `Vehicle` (`id`, `model`, `type`, `available`) VALUES (31, 'impedit', 'Kerluke, Bahringer and Nicolas', 1);
INSERT INTO `Vehicle` (`id`, `model`, `type`, `available`) VALUES (32, 'hic', 'Hessel-Bode', 0);
INSERT INTO `Vehicle` (`id`, `model`, `type`, `available`) VALUES (33, 'amet', 'Rohan-Gleichner', 0);
INSERT INTO `Vehicle` (`id`, `model`, `type`, `available`) VALUES (34, 'adipisci', 'Simonis PLC', 1);
INSERT INTO `Vehicle` (`id`, `model`, `type`, `available`) VALUES (35, 'explicabo', 'Satterfield, Flatley and Corkery', 0);
INSERT INTO `Vehicle` (`id`, `model`, `type`, `available`) VALUES (36, 'aut', 'Crist, Langworth and Rogahn', 0);
INSERT INTO `Vehicle` (`id`, `model`, `type`, `available`) VALUES (37, 'architecto', 'Mueller-Wisoky', 1);
INSERT INTO `Vehicle` (`id`, `model`, `type`, `available`) VALUES (38, 'cupiditate', 'Wintheiser-Hessel', 1);
INSERT INTO `Vehicle` (`id`, `model`, `type`, `available`) VALUES (39, 'est', 'Klocko-Swift', 1);
INSERT INTO `Vehicle` (`id`, `model`, `type`, `available`) VALUES (40, 'modi', 'Smitham-Fay', 1);
INSERT INTO `Vehicle` (`id`, `model`, `type`, `available`) VALUES (41, 'nihil', 'Kreiger LLC', 1);
INSERT INTO `Vehicle` (`id`, `model`, `type`, `available`) VALUES (42, 'aut', 'DuBuque-Huels', 1);
INSERT INTO `Vehicle` (`id`, `model`, `type`, `available`) VALUES (43, 'deleniti', 'Abbott, Prohaska and Kilback', 0);
INSERT INTO `Vehicle` (`id`, `model`, `type`, `available`) VALUES (44, 'delectus', 'Runte, Hills and Dare', 1);
INSERT INTO `Vehicle` (`id`, `model`, `type`, `available`) VALUES (45, 'architecto', 'Hodkiewicz Inc', 0);
INSERT INTO `Vehicle` (`id`, `model`, `type`, `available`) VALUES (46, 'illum', 'Becker, Donnelly and Runte', 1);
INSERT INTO `Vehicle` (`id`, `model`, `type`, `available`) VALUES (47, 'vitae', 'Mills Ltd', 0);
INSERT INTO `Vehicle` (`id`, `model`, `type`, `available`) VALUES (48, 'sed', 'Bogan, McGlynn and Luettgen', 0);
INSERT INTO `Vehicle` (`id`, `model`, `type`, `available`) VALUES (49, 'nostrum', 'Bergnaum and Sons', 1);
INSERT INTO `Vehicle` (`id`, `model`, `type`, `available`) VALUES (50, 'porro', 'Daniel, Rempel and Borer', 1);

INSERT INTO `Vehicle_Building` (`id`, `Vehicle_plate`, `Building_id`) VALUES (1, 1, 1);
INSERT INTO `Vehicle_Building` (`id`, `Vehicle_plate`, `Building_id`) VALUES (2, 2, 2);
INSERT INTO `Vehicle_Building` (`id`, `Vehicle_plate`, `Building_id`) VALUES (3, 3, 3);
INSERT INTO `Vehicle_Building` (`id`, `Vehicle_plate`, `Building_id`) VALUES (4, 4, 4);
INSERT INTO `Vehicle_Building` (`id`, `Vehicle_plate`, `Building_id`) VALUES (5, 5, 5);
INSERT INTO `Vehicle_Building` (`id`, `Vehicle_plate`, `Building_id`) VALUES (6, 6, 6);
INSERT INTO `Vehicle_Building` (`id`, `Vehicle_plate`, `Building_id`) VALUES (7, 7, 7);
INSERT INTO `Vehicle_Building` (`id`, `Vehicle_plate`, `Building_id`) VALUES (8, 8, 8);
INSERT INTO `Vehicle_Building` (`id`, `Vehicle_plate`, `Building_id`) VALUES (9, 9, 9);
INSERT INTO `Vehicle_Building` (`id`, `Vehicle_plate`, `Building_id`) VALUES (10, 10, 10);
INSERT INTO `Vehicle_Building` (`id`, `Vehicle_plate`, `Building_id`) VALUES (11, 11, 11);
INSERT INTO `Vehicle_Building` (`id`, `Vehicle_plate`, `Building_id`) VALUES (12, 12, 12);
INSERT INTO `Vehicle_Building` (`id`, `Vehicle_plate`, `Building_id`) VALUES (13, 13, 13);
INSERT INTO `Vehicle_Building` (`id`, `Vehicle_plate`, `Building_id`) VALUES (14, 14, 14);
INSERT INTO `Vehicle_Building` (`id`, `Vehicle_plate`, `Building_id`) VALUES (15, 15, 15);
INSERT INTO `Vehicle_Building` (`id`, `Vehicle_plate`, `Building_id`) VALUES (16, 16, 16);
INSERT INTO `Vehicle_Building` (`id`, `Vehicle_plate`, `Building_id`) VALUES (17, 17, 17);
INSERT INTO `Vehicle_Building` (`id`, `Vehicle_plate`, `Building_id`) VALUES (18, 18, 18);
INSERT INTO `Vehicle_Building` (`id`, `Vehicle_plate`, `Building_id`) VALUES (19, 19, 19);
INSERT INTO `Vehicle_Building` (`id`, `Vehicle_plate`, `Building_id`) VALUES (20, 20, 20);
INSERT INTO `Vehicle_Building` (`id`, `Vehicle_plate`, `Building_id`) VALUES (21, 21, 21);
INSERT INTO `Vehicle_Building` (`id`, `Vehicle_plate`, `Building_id`) VALUES (22, 22, 22);
INSERT INTO `Vehicle_Building` (`id`, `Vehicle_plate`, `Building_id`) VALUES (23, 23, 23);
INSERT INTO `Vehicle_Building` (`id`, `Vehicle_plate`, `Building_id`) VALUES (24, 24, 24);
INSERT INTO `Vehicle_Building` (`id`, `Vehicle_plate`, `Building_id`) VALUES (25, 25, 25);


INSERT INTO `Data_Maintenance` (`id`, `date`, `Vehicle_id`) VALUES (1, '2003-01-01', 1);
INSERT INTO `Data_Maintenance` (`id`, `date`, `Vehicle_id`) VALUES (2, '2003-01-01', 2);
INSERT INTO `Data_Maintenance` (`id`, `date`, `Vehicle_id`) VALUES (3, '2003-01-01', 3);
INSERT INTO `Data_Maintenance` (`id`, `date`, `Vehicle_id`) VALUES (4, '2003-01-01', 4);
INSERT INTO `Data_Maintenance` (`id`, `date`, `Vehicle_id`) VALUES (5, '2003-01-01', 5);
INSERT INTO `Data_Maintenance` (`id`, `date`, `Vehicle_id`) VALUES (6, '2003-01-01', 6);
INSERT INTO `Data_Maintenance` (`id`, `date`, `Vehicle_id`) VALUES (7, '2003-01-01', 7);
INSERT INTO `Data_Maintenance` (`id`, `date`, `Vehicle_id`) VALUES (8, '2003-01-01', 8);
INSERT INTO `Data_Maintenance` (`id`, `date`, `Vehicle_id`) VALUES (9, '2003-01-01', 9);
INSERT INTO `Data_Maintenance` (`id`, `date`, `Vehicle_id`) VALUES (10, '2003-01-01', 10);
INSERT INTO `Data_Maintenance` (`id`, `date`, `Vehicle_id`) VALUES (11, '2003-01-01', 11);
INSERT INTO `Data_Maintenance` (`id`, `date`, `Vehicle_id`) VALUES (12, '2003-01-01', 12);
INSERT INTO `Data_Maintenance` (`id`, `date`, `Vehicle_id`) VALUES (13, '2003-01-01', 13);
INSERT INTO `Data_Maintenance` (`id`, `date`, `Vehicle_id`) VALUES (14, '2003-01-01', 14);
INSERT INTO `Data_Maintenance` (`id`, `date`, `Vehicle_id`) VALUES (15, '2003-01-01', 15);
INSERT INTO `Data_Maintenance` (`id`, `date`, `Vehicle_id`) VALUES (16, '2003-01-01', 16);
INSERT INTO `Data_Maintenance` (`id`, `date`, `Vehicle_id`) VALUES (17, '2003-01-01', 17);
INSERT INTO `Data_Maintenance` (`id`, `date`, `Vehicle_id`) VALUES (18, '2003-01-01', 18);
INSERT INTO `Data_Maintenance` (`id`, `date`, `Vehicle_id`) VALUES (19, '2003-01-01', 19);
INSERT INTO `Data_Maintenance` (`id`, `date`, `Vehicle_id`) VALUES (20, '2003-01-01', 20);
INSERT INTO `Data_Maintenance` (`id`, `date`, `Vehicle_id`) VALUES (21, '2003-01-01', 21);
INSERT INTO `Data_Maintenance` (`id`, `date`, `Vehicle_id`) VALUES (22, '2003-01-01', 22);
INSERT INTO `Data_Maintenance` (`id`, `date`, `Vehicle_id`) VALUES (23, '2003-01-01', 23);
INSERT INTO `Data_Maintenance` (`id`, `date`, `Vehicle_id`) VALUES (24, '2003-01-01', 24);
INSERT INTO `Data_Maintenance` (`id`, `date`, `Vehicle_id`) VALUES (25, '2003-01-01', 25);
INSERT INTO `Data_Maintenance` (`id`, `date`, `Vehicle_id`) VALUES (26, '2003-01-01', 26);
INSERT INTO `Data_Maintenance` (`id`, `date`, `Vehicle_id`) VALUES (27, '2003-01-01', 27);
INSERT INTO `Data_Maintenance` (`id`, `date`, `Vehicle_id`) VALUES (28, '2003-01-01', 28);
INSERT INTO `Data_Maintenance` (`id`, `date`, `Vehicle_id`) VALUES (29, '2003-01-01', 29);
INSERT INTO `Data_Maintenance` (`id`, `date`, `Vehicle_id`) VALUES (30, '2003-01-01', 30);
INSERT INTO `Data_Maintenance` (`id`, `date`, `Vehicle_id`) VALUES (31, '2003-01-01', 31);
INSERT INTO `Data_Maintenance` (`id`, `date`, `Vehicle_id`) VALUES (32, '2003-01-01', 32);
INSERT INTO `Data_Maintenance` (`id`, `date`, `Vehicle_id`) VALUES (33, '2003-01-01', 33);
INSERT INTO `Data_Maintenance` (`id`, `date`, `Vehicle_id`) VALUES (34, '2003-01-01', 34);
INSERT INTO `Data_Maintenance` (`id`, `date`, `Vehicle_id`) VALUES (35, '2003-01-01', 35);
INSERT INTO `Data_Maintenance` (`id`, `date`, `Vehicle_id`) VALUES (36, '2003-01-01', 36);
INSERT INTO `Data_Maintenance` (`id`, `date`, `Vehicle_id`) VALUES (37, '2003-01-01', 37);
INSERT INTO `Data_Maintenance` (`id`, `date`, `Vehicle_id`) VALUES (38, '2003-01-01', 38);
INSERT INTO `Data_Maintenance` (`id`, `date`, `Vehicle_id`) VALUES (39, '2003-01-01', 39);
INSERT INTO `Data_Maintenance` (`id`, `date`, `Vehicle_id`) VALUES (40, '2003-01-01', 40);
INSERT INTO `Data_Maintenance` (`id`, `date`, `Vehicle_id`) VALUES (41, '2003-01-01', 41);
INSERT INTO `Data_Maintenance` (`id`, `date`, `Vehicle_id`) VALUES (42, '2003-01-01', 42);
INSERT INTO `Data_Maintenance` (`id`, `date`, `Vehicle_id`) VALUES (43, '2003-01-01', 43);
INSERT INTO `Data_Maintenance` (`id`, `date`, `Vehicle_id`) VALUES (44, '2003-01-01', 44);
INSERT INTO `Data_Maintenance` (`id`, `date`, `Vehicle_id`) VALUES (45, '2003-01-01', 45);
INSERT INTO `Data_Maintenance` (`id`, `date`, `Vehicle_id`) VALUES (46, '2003-01-01', 46);
INSERT INTO `Data_Maintenance` (`id`, `date`, `Vehicle_id`) VALUES (47, '2003-01-01', 47);
INSERT INTO `Data_Maintenance` (`id`, `date`, `Vehicle_id`) VALUES (48, '2003-01-01', 48);
INSERT INTO `Data_Maintenance` (`id`, `date`, `Vehicle_id`) VALUES (49, '2003-01-01', 49);
INSERT INTO `Data_Maintenance` (`id`, `date`, `Vehicle_id`) VALUES (50, '2003-01-01', 50);
INSERT INTO `Data_Maintenance` (`id`, `date`, `Vehicle_id`) VALUES (51, '2003-01-01', 1);
INSERT INTO `Data_Maintenance` (`id`, `date`, `Vehicle_id`) VALUES (52, '2003-01-01', 2);
INSERT INTO `Data_Maintenance` (`id`, `date`, `Vehicle_id`) VALUES (53, '2003-01-01', 3);
INSERT INTO `Data_Maintenance` (`id`, `date`, `Vehicle_id`) VALUES (54, '2003-01-01', 4);
INSERT INTO `Data_Maintenance` (`id`, `date`, `Vehicle_id`) VALUES (55, '2003-01-01', 5);
INSERT INTO `Data_Maintenance` (`id`, `date`, `Vehicle_id`) VALUES (56, '2003-01-01', 6);
INSERT INTO `Data_Maintenance` (`id`, `date`, `Vehicle_id`) VALUES (57, '2003-01-01', 7);
INSERT INTO `Data_Maintenance` (`id`, `date`, `Vehicle_id`) VALUES (58, '2003-01-01', 8);
INSERT INTO `Data_Maintenance` (`id`, `date`, `Vehicle_id`) VALUES (59, '2003-01-01', 9);
INSERT INTO `Data_Maintenance` (`id`, `date`, `Vehicle_id`) VALUES (60, '2003-01-01', 10);
INSERT INTO `Data_Maintenance` (`id`, `date`, `Vehicle_id`) VALUES (61, '2003-01-01', 11);
INSERT INTO `Data_Maintenance` (`id`, `date`, `Vehicle_id`) VALUES (62, '2003-01-01', 12);
INSERT INTO `Data_Maintenance` (`id`, `date`, `Vehicle_id`) VALUES (63, '2003-01-01', 13);
INSERT INTO `Data_Maintenance` (`id`, `date`, `Vehicle_id`) VALUES (64, '2003-01-01', 14);
INSERT INTO `Data_Maintenance` (`id`, `date`, `Vehicle_id`) VALUES (65, '2003-01-01', 15);
INSERT INTO `Data_Maintenance` (`id`, `date`, `Vehicle_id`) VALUES (66, '2003-01-01', 16);
INSERT INTO `Data_Maintenance` (`id`, `date`, `Vehicle_id`) VALUES (67, '2003-01-01', 17);
INSERT INTO `Data_Maintenance` (`id`, `date`, `Vehicle_id`) VALUES (68, '2003-01-01', 18);
INSERT INTO `Data_Maintenance` (`id`, `date`, `Vehicle_id`) VALUES (69, '2003-01-01', 19);
INSERT INTO `Data_Maintenance` (`id`, `date`, `Vehicle_id`) VALUES (70, '2003-01-01', 20);
INSERT INTO `Data_Maintenance` (`id`, `date`, `Vehicle_id`) VALUES (71, '2003-01-01', 21);
INSERT INTO `Data_Maintenance` (`id`, `date`, `Vehicle_id`) VALUES (72, '2003-01-01', 22);
INSERT INTO `Data_Maintenance` (`id`, `date`, `Vehicle_id`) VALUES (73, '2003-01-01', 23);
INSERT INTO `Data_Maintenance` (`id`, `date`, `Vehicle_id`) VALUES (74, '2003-01-01', 24);
INSERT INTO `Data_Maintenance` (`id`, `date`, `Vehicle_id`) VALUES (75, '2003-01-01', 25);
INSERT INTO `Data_Maintenance` (`id`, `date`, `Vehicle_id`) VALUES (76, '2003-01-01', 26);
INSERT INTO `Data_Maintenance` (`id`, `date`, `Vehicle_id`) VALUES (77, '2003-01-01', 27);
INSERT INTO `Data_Maintenance` (`id`, `date`, `Vehicle_id`) VALUES (78, '2003-01-01', 28);
INSERT INTO `Data_Maintenance` (`id`, `date`, `Vehicle_id`) VALUES (79, '2003-01-01', 29);
INSERT INTO `Data_Maintenance` (`id`, `date`, `Vehicle_id`) VALUES (80, '2003-01-01', 30);
INSERT INTO `Data_Maintenance` (`id`, `date`, `Vehicle_id`) VALUES (81, '2003-01-01', 31);
INSERT INTO `Data_Maintenance` (`id`, `date`, `Vehicle_id`) VALUES (82, '2003-01-01', 32);
INSERT INTO `Data_Maintenance` (`id`, `date`, `Vehicle_id`) VALUES (83, '2003-01-01', 33);
INSERT INTO `Data_Maintenance` (`id`, `date`, `Vehicle_id`) VALUES (84, '2003-01-01', 34);
INSERT INTO `Data_Maintenance` (`id`, `date`, `Vehicle_id`) VALUES (85, '2003-01-01', 35);
INSERT INTO `Data_Maintenance` (`id`, `date`, `Vehicle_id`) VALUES (86, '2003-01-01', 36);
INSERT INTO `Data_Maintenance` (`id`, `date`, `Vehicle_id`) VALUES (87, '2003-01-01', 37);
INSERT INTO `Data_Maintenance` (`id`, `date`, `Vehicle_id`) VALUES (88, '2003-01-01', 38);
INSERT INTO `Data_Maintenance` (`id`, `date`, `Vehicle_id`) VALUES (89, '2003-01-01', 39);
INSERT INTO `Data_Maintenance` (`id`, `date`, `Vehicle_id`) VALUES (90, '2003-01-01', 40);
INSERT INTO `Data_Maintenance` (`id`, `date`, `Vehicle_id`) VALUES (91, '2003-01-01', 41);
INSERT INTO `Data_Maintenance` (`id`, `date`, `Vehicle_id`) VALUES (92, '2003-01-01', 42);
INSERT INTO `Data_Maintenance` (`id`, `date`, `Vehicle_id`) VALUES (93, '2003-01-01', 43);
INSERT INTO `Data_Maintenance` (`id`, `date`, `Vehicle_id`) VALUES (94, '2003-01-01', 44);
INSERT INTO `Data_Maintenance` (`id`, `date`, `Vehicle_id`) VALUES (95, '2003-01-01', 45);
INSERT INTO `Data_Maintenance` (`id`, `date`, `Vehicle_id`) VALUES (96, '2003-01-01', 46);
INSERT INTO `Data_Maintenance` (`id`, `date`, `Vehicle_id`) VALUES (97, '2003-01-01', 47);
INSERT INTO `Data_Maintenance` (`id`, `date`, `Vehicle_id`) VALUES (98, '2003-01-01', 48);
INSERT INTO `Data_Maintenance` (`id`, `date`, `Vehicle_id`) VALUES (99, '2003-01-01', 49);
INSERT INTO `Data_Maintenance` (`id`, `date`, `Vehicle_id`) VALUES (100, '2003-01-01', 50);